"","p_val","avg_log2FC","pct.1","pct.2","p_val_adj","cluster","gene"
"LTB",0,1.34609146221324,0.963,0.565,0,"0","LTB"
"RPL23",0,0.977907090776582,1,0.992,0,"0","RPL23"
"RPS17",0,0.876801066852912,0.997,0.971,0,"0","RPS17"
"LDHB",0,0.819361546668636,0.925,0.677,0,"0","LDHB"
"RCAN3",0,0.816787173539406,0.655,0.158,0,"0","RCAN3"
"RPS13",0,0.811287608245661,1,0.999,0,"0","RPS13"
"RPS8",0,0.804159418582163,1,1,0,"0","RPS8"
"MAL",0,0.802634513305944,0.538,0.063,0,"0","MAL"
"RPL21",0,0.77999493642363,1,0.999,0,"0","RPL21"
"PRKCQ-AS1",0,0.773907176916052,0.588,0.169,0,"0","PRKCQ-AS1"
"RPS6",0,0.773276467456639,1,1,0,"0","RPS6"
"IL7R",0,0.762433408665932,0.899,0.534,0,"0","IL7R"
"RPS3A",0,0.759029116215223,1,1,0,"0","RPS3A"
"RPS20",0,0.753726692382156,1,0.999,0,"0","RPS20"
"NOSIP",0,0.741969695872322,0.655,0.267,0,"0","NOSIP"
"RPL32",0,0.729365882458786,1,1,0,"0","RPL32"
"RPL9",0,0.723899441960604,1,1,0,"0","RPL9"
"RPS12",0,0.720808993091413,1,1,0,"0","RPS12"
"RPS5",0,0.712599775924759,0.999,0.995,0,"0","RPS5"
"RPL34",0,0.706353900930203,1,1,0,"0","RPL34"
"EEF1B2",0,0.704588472815215,0.998,0.992,0,"0","EEF1B2"
"TCF7",0,0.703107253465487,0.684,0.275,0,"0","TCF7"
"RPS25",0,0.700907672994212,1,1,0,"0","RPS25"
"GAS5",0,0.689684003008426,0.953,0.769,0,"0","GAS5"
"SARAF",0,0.686676901887611,0.972,0.87,0,"0","SARAF"
"RPL27A",0,0.686108155686026,1,0.999,0,"0","RPL27A"
"RPL7",0,0.685966227590153,1,0.997,0,"0","RPL7"
"RPL22",0,0.679710082694807,1,0.999,0,"0","RPL22"
"LEF1",0,0.678659964622435,0.512,0.091,0,"0","LEF1"
"RPS16",0,0.67508016976351,1,0.999,0,"0","RPS16"
"RPL30",0,0.673410770338812,1,1,0,"0","RPL30"
"RPL11",0,0.662068154890316,1,1,0,"0","RPL11"
"RPL13",0,0.656107323885544,1,1,0,"0","RPL13"
"EIF3E",0,0.652852392722871,0.926,0.739,0,"0","EIF3E"
"RGS10",0,0.644038029534067,0.726,0.374,0,"0","RGS10"
"TPT1",0,0.640373054423725,1,1,0,"0","TPT1"
"CCR7",0,0.637185408858998,0.448,0.072,0,"0","CCR7"
"RPS18",0,0.632091041173834,1,1,0,"0","RPS18"
"RPL31",0,0.631457078153202,1,0.995,0,"0","RPL31"
"RPS28",0,0.630138310359952,1,1,0,"0","RPS28"
"GPR183",0,0.628382877601397,0.551,0.255,0,"0","GPR183"
"RPS11",0,0.628341128042628,1,0.999,0,"0","RPS11"
"RPL5",0,0.622566857752502,1,1,0,"0","RPL5"
"RPS10",0,0.611554593256563,1,0.998,0,"0","RPS10"
"RPL10A",0,0.610794658480086,1,0.998,0,"0","RPL10A"
"RPL38",0,0.59906789795652,1,0.999,0,"0","RPL38"
"LEPROTL1",0,0.587735746450806,0.848,0.612,0,"0","LEPROTL1"
"RPS14",0,0.585758417788426,1,1,0,"0","RPS14"
"TMEM123",0,0.5852106483676,0.742,0.396,0,"0","TMEM123"
"RPLP2",0,0.583085608221184,1,1,0,"0","RPLP2"
"EEF1G",0,0.582711245379607,0.992,0.969,0,"0","EEF1G"
"RPL39",0,0.582692310931353,1,1,0,"0","RPL39"
"RPS23",0,0.570003865441588,1,1,0,"0","RPS23"
"BCL11B",0,0.567476668469704,0.823,0.545,0,"0","BCL11B"
"PIK3IP1",0,0.566597807404859,0.762,0.436,0,"0","PIK3IP1"
"RPL35A",0,0.563271100497918,1,1,0,"0","RPL35A"
"SOCS3",0,0.557178845724318,0.465,0.196,0,"0","SOCS3"
"RPS27",0,0.556890582093073,1,1,0,"0","RPS27"
"RPL10",0,0.55408839885389,1,1,0,"0","RPL10"
"RPL36",0,0.553448777542354,1,1,0,"0","RPL36"
"RPS29",0,0.54650690289589,1,1,0,"0","RPS29"
"RPL18",0,0.543715245482876,1,1,0,"0","RPL18"
"RPL18A",0,0.541615957489776,1,1,0,"0","RPL18A"
"RPS21",0,0.534515156440991,1,0.999,0,"0","RPS21"
"SELL",0,0.534278036552886,0.577,0.247,0,"0","SELL"
"RPL19",0,0.529385040718079,1,1,0,"0","RPL19"
"IL6ST",0,0.527373324446959,0.424,0.104,0,"0","IL6ST"
"RPL37",0,0.523326780522894,1,1,0,"0","RPL37"
"RPLP1",0,0.521474884373158,1,1,0,"0","RPLP1"
"GIMAP7",0,0.51779286281051,0.67,0.429,0,"0","GIMAP7"
"NDFIP1",0,0.517707950515027,0.628,0.31,0,"0","NDFIP1"
"RPL13A",0,0.515670594415193,1,1,0,"0","RPL13A"
"RPSA",0,0.514758064933618,1,0.998,0,"0","RPSA"
"EEF1A1",0,0.509346586995797,1,1,0,"0","EEF1A1"
"RPL12",0,0.508821053026928,1,1,0,"0","RPL12"
"RPS27A",0,0.503428667195666,1,1,0,"0","RPS27A"
"RPS4X",0,0.501935043373106,1,1,0,"0","RPS4X"
"RPS9",0,0.496459081466162,1,1,0,"0","RPS9"
"RPS15A",0,0.493097338024578,1,1,0,"0","RPS15A"
"RPL8",0,0.48872647502684,1,0.999,0,"0","RPL8"
"RPLP0",0,0.486637411859337,0.999,0.992,0,"0","RPLP0"
"CAMK4",0,0.486318158842953,0.441,0.123,0,"0","CAMK4"
"FOXP1",0,0.485924864234169,0.759,0.503,0,"0","FOXP1"
"RPL37A",0,0.474113994260928,1,1,0,"0","RPL37A"
"TRABD2A",0,0.46783256629475,0.357,0.06,0,"0","TRABD2A"
"TOMM7",0,0.46404258044156,0.992,0.968,0,"0","TOMM7"
"SH3YL1",0,0.462540665648726,0.373,0.092,0,"0","SH3YL1"
"NPM1",0,0.456317544917206,0.991,0.967,0,"0","NPM1"
"RPS2",0,0.449758046532986,1,1,0,"0","RPS2"
"RPL24",0,0.445297861991795,1,1,0,"0","RPL24"
"OXNAD1",0,0.444235859927968,0.468,0.179,0,"0","OXNAD1"
"LINC01578",0,0.440441270531399,0.92,0.841,0,"0","LINC01578"
"TRAC",0,0.438851350468126,0.77,0.523,0,"0","TRAC"
"NAP1L1",0,0.437725955924404,0.874,0.7,0,"0","NAP1L1"
"SNHG5",0,0.435891269081898,0.872,0.747,0,"0","SNHG5"
"RPL29",0,0.430068956916395,1,1,0,"0","RPL29"
"RPL4",0,0.42861390582628,0.994,0.975,0,"0","RPL4"
"RPL36A",0,0.426230239549987,1,0.999,0,"0","RPL36A"
"MAML2",0,0.423932708902967,0.404,0.139,0,"0","MAML2"
"CD27",0,0.423792779299982,0.431,0.142,0,"0","CD27"
"RPL41",0,0.415804954929831,1,1,0,"0","RPL41"
"SMDT1",0,0.404315416557127,0.751,0.545,0,"0","SMDT1"
"SNHG32",0,0.403301391227875,0.554,0.29,0,"0","SNHG32"
"RACK1",0,0.403129139564324,1,0.997,0,"0","RACK1"
"RPL28",0,0.403012014526816,1,1,0,"0","RPL28"
"FLT3LG",0,0.401048808054374,0.436,0.171,0,"0","FLT3LG"
"COX7C",0,0.399838058757218,0.992,0.972,0,"0","COX7C"
"RPL17",0,0.398648197803588,1,1,0,"0","RPL17"
"RPL27",0,0.397761347245294,1,0.997,0,"0","RPL27"
"RPL14",0,0.397718008839133,1,1,0,"0","RPL14"
"RPL6",0,0.3952691945973,1,1,0,"0","RPL6"
"RPL3",0,0.393407385807259,1,1,0,"0","RPL3"
"SNHG29",0,0.39262636229537,0.956,0.847,0,"0","SNHG29"
"UBA52",0,0.391241428308181,1,0.999,0,"0","UBA52"
"NSA2",0,0.390917457687517,0.837,0.709,0,"0","NSA2"
"MCUB",0,0.390738147742786,0.513,0.239,0,"0","MCUB"
"BIRC3",0,0.388033332029727,0.393,0.17,0,"0","BIRC3"
"C12orf57",0,0.386016557581159,0.878,0.742,0,"0","C12orf57"
"NOP53",0,0.384930286491855,0.942,0.85,0,"0","NOP53"
"RPS15",0,0.373043421392799,1,1,0,"0","RPS15"
"BCL2",0,0.370282608587851,0.449,0.222,0,"0","BCL2"
"NACA",0,0.352044121985032,1,1,0,"0","NACA"
"RPL23A",0,0.350732963891839,1,0.999,0,"0","RPL23A"
"EIF3H",0,0.349666703089552,0.822,0.652,0,"0","EIF3H"
"RNASET2",0,0.342065155458962,0.617,0.396,0,"0","RNASET2"
"ALKBH7",0,0.334653954752942,0.481,0.258,0,"0","ALKBH7"
"TRAT1",0,0.327221427272038,0.324,0.113,0,"0","TRAT1"
"RHOH",0,0.326826798940999,0.539,0.314,0,"0","RHOH"
"HINT1",0,0.324114211041297,0.961,0.9,0,"0","HINT1"
"ABLIM1",0,0.321477916433545,0.352,0.138,0,"0","ABLIM1"
"RPS7",0,0.320939343047367,1,1,0,"0","RPS7"
"PABPC1",0,0.319670724768455,0.988,0.948,0,"0","PABPC1"
"TMEM243",0,0.319431687903899,0.438,0.217,0,"0","TMEM243"
"CD28",0,0.313891593287601,0.299,0.089,0,"0","CD28"
"RPL26",0,0.311560808355566,1,1,0,"0","RPL26"
"RPS3",0,0.310065453884421,1,1,0,"0","RPS3"
"DGKA",0,0.307955138262489,0.332,0.115,0,"0","DGKA"
"AQP3",0,0.306458409011792,0.285,0.095,0,"0","AQP3"
"INPP4B",0,0.294130804642297,0.286,0.096,0,"0","INPP4B"
"PFDN5",0,0.286809571485165,0.997,0.99,0,"0","PFDN5"
"EEF1D",0,0.275682996787116,0.993,0.983,0,"0","EEF1D"
"NCK2",0,0.269727551157124,0.365,0.166,0,"0","NCK2"
"FAM102A",0,0.263175144981435,0.275,0.091,0,"0","FAM102A"
"FAU",0,0.253554631098988,1,1,0,"0","FAU"
"RPL7A",0,0.252692959304953,1,1,0,"0","RPL7A"
"CORO1B",1.80864697329413e-305,0.344146750933793,0.385,0.189,3.84409827703935e-301,"0","CORO1B"
"PPA1",1.17709995410038e-304,0.301301052383142,0.473,0.259,2.50180824244494e-300,"0","PPA1"
"TNFAIP8",1.00071348750095e-301,0.306538219822619,0.556,0.331,2.12691644633451e-297,"0","TNFAIP8"
"PPP1R2",1.29884635333694e-300,0.324345850576553,0.586,0.368,2.76056803938233e-296,"0","PPP1R2"
"BTF3",2.2780937977245e-298,0.265947021731189,0.992,0.975,4.84186055768365e-294,"0","BTF3"
"COMMD6",1.1484547414436e-291,0.313834497841889,0.943,0.883,2.44092570746423e-287,"0","COMMD6"
"CD48",1.49889882580313e-286,0.306563669630145,0.924,0.839,3.18575956436198e-282,"0","CD48"
"IRS2",2.04024842457864e-286,0.275251595625081,0.338,0.153,4.33634400159943e-282,"0","IRS2"
"SNHG8",3.27270806190842e-286,0.346275775983995,0.86,0.738,6.95581371478015e-282,"0","SNHG8"
"EIF2S3",9.24641332076761e-283,0.323950964503744,0.637,0.43,1.96523268719595e-278,"0","EIF2S3"
"PCED1B-AS1",8.92148602943595e-281,0.370861060374799,0.892,0.804,1.89617264069632e-276,"0","PCED1B-AS1"
"GIMAP1",1.07335848535263e-276,0.277909547677117,0.376,0.19,2.28131612476848e-272,"0","GIMAP1"
"UQCRB",6.01755672870396e-275,0.273259872804016,0.983,0.96,1.27897150711874e-270,"0","UQCRB"
"UXT",1.72615366021493e-270,0.320562585947281,0.776,0.625,3.66876698942082e-266,"0","UXT"
"SNHG6",4.05032027338185e-266,0.272572254966317,0.954,0.893,8.60855070904579e-262,"0","SNHG6"
"EIF4B",3.70329881448701e-262,0.310931872506045,0.763,0.6,7.87099130031069e-258,"0","EIF4B"
"RSL1D1",1.66407039617576e-261,0.291074721443491,0.569,0.361,3.53681522003196e-257,"0","RSL1D1"
"TOB1",3.12807407927214e-258,0.340873334896627,0.562,0.356,6.648408648085e-254,"0","TOB1"
"SATB1",4.21004044568343e-257,0.272394345405807,0.441,0.244,8.94801996325556e-253,"0","SATB1"
"EIF3L",1.15025940360374e-254,0.272961323671556,0.556,0.35,2.44476133641939e-250,"0","EIF3L"
"COX4I1",6.46903759755218e-253,0.257817667910341,0.983,0.968,1.37492925098374e-248,"0","COX4I1"
"HSPB1",7.90190786386974e-249,0.262985421697761,0.422,0.236,1.67947149738687e-244,"0","HSPB1"
"MGAT4A",2.86755725747471e-246,0.303190936786103,0.636,0.441,6.09470619503674e-242,"0","MGAT4A"
"OCIAD2",1.79708344462573e-243,0.259908207931934,0.503,0.308,3.81952115320752e-239,"0","OCIAD2"
"TOMM20",6.58375575808505e-236,0.284133021608397,0.799,0.654,1.3993114488234e-231,"0","TOMM20"
"CDKN1B",1.34672414609853e-232,0.274509244194515,0.499,0.308,2.86232750011782e-228,"0","CDKN1B"
"CYLD",1.63465093550392e-232,0.280806075116647,0.502,0.31,3.47428709832003e-228,"0","CYLD"
"SOD1",3.20093827771117e-225,0.277999364279816,0.798,0.654,6.80327421544732e-221,"0","SOD1"
"SMAP2",4.91947929282239e-209,0.261247670221599,0.551,0.365,1.04558612889647e-204,"0","SMAP2"
"PSIP1",1.79832998278413e-208,0.258947531152209,0.548,0.362,3.82217054540939e-204,"0","PSIP1"
"FYB1",3.10942498379519e-205,0.307936081577066,0.815,0.699,6.60877186055829e-201,"0","FYB1"
"ST13",4.26937112655442e-200,0.268750234569256,0.635,0.455,9.07412139237877e-196,"0","ST13"
"ANP32B",5.1896213076109e-200,0.259073785808846,0.792,0.657,1.10300211271962e-195,"0","ANP32B"
"RGCC",3.81290844413083e-179,0.357765659553252,0.58,0.404,8.10395560715566e-175,"0","RGCC"
"SBDS",7.24451272778138e-174,0.268573912724066,0.685,0.533,1.53974873516265e-169,"0","SBDS"
"PTGER4",3.4300426886024e-157,0.300487804679168,0.588,0.438,7.29021273035553e-153,"0","PTGER4"
"TRBC2",3.331327557868e-118,0.288812978791933,0.824,0.776,7.08040359149266e-114,"0","TRBC2"
"ARID5B",4.486847345827e-118,0.266630843465025,0.36,0.242,9.53634534882071e-114,"0","ARID5B"
"RPS4Y1",2.09502465669159e-78,0.493947059204858,0.333,0.261,4.4527654053323e-74,"0","RPS4Y1"
"JUNB",4.96281363052029e-71,0.366222315536067,0.962,0.973,1.05479640903078e-66,"0","JUNB"
"CCL5",0,2.60701016896209,0.953,0.314,0,"1","CCL5"
"NKG7",0,2.58160545209044,0.945,0.276,0,"1","NKG7"
"GNLY",0,2.45509153614684,0.723,0.25,0,"1","GNLY"
"GZMA",0,1.84428449518767,0.851,0.175,0,"1","GZMA"
"GZMH",0,1.82747407074396,0.638,0.109,0,"1","GZMH"
"CCL4",0,1.77004557643803,0.58,0.165,0,"1","CCL4"
"CST7",0,1.74186616904997,0.851,0.192,0,"1","CST7"
"GZMB",0,1.5292019247181,0.564,0.107,0,"1","GZMB"
"FGFBP2",0,1.4773363516222,0.529,0.093,0,"1","FGFBP2"
"GZMK",0,1.36402542208565,0.345,0.062,0,"1","GZMK"
"CTSW",0,1.30203682461719,0.755,0.302,0,"1","CTSW"
"KLRD1",0,1.1664498872827,0.557,0.074,0,"1","KLRD1"
"KLRB1",0,1.13065412361034,0.502,0.192,0,"1","KLRB1"
"EFHD2",0,1.08180049495603,0.686,0.252,0,"1","EFHD2"
"HCST",0,1.04748556844557,0.976,0.804,0,"1","HCST"
"CMC1",0,0.999460297664392,0.45,0.125,0,"1","CMC1"
"PRF1",0,0.986704587808705,0.515,0.092,0,"1","PRF1"
"DUSP2",0,0.967722911665219,0.798,0.504,0,"1","DUSP2"
"HOPX",0,0.94916118837354,0.546,0.135,0,"1","HOPX"
"GZMM",0,0.942614736345801,0.805,0.48,0,"1","GZMM"
"IFITM2",0,0.8916231770124,0.919,0.788,0,"1","IFITM2"
"IFNG",0,0.887607027844628,0.28,0.056,0,"1","IFNG"
"TRDC",0,0.884594163666815,0.334,0.063,0,"1","TRDC"
"HLA-C",0,0.88362723244944,1,0.989,0,"1","HLA-C"
"S100A4",0,0.881827749517753,0.98,0.811,0,"1","S100A4"
"SYNE1",0,0.840741905332111,0.529,0.169,0,"1","SYNE1"
"HLA-B",0,0.82672164613902,1,0.993,0,"1","HLA-B"
"CYBA",0,0.825547386839676,0.972,0.838,0,"1","CYBA"
"LYAR",0,0.817441031743126,0.572,0.175,0,"1","LYAR"
"C12orf75",0,0.815464444162589,0.598,0.215,0,"1","C12orf75"
"HLA-A",0,0.806267898138679,1,0.99,0,"1","HLA-A"
"FCGR3A",0,0.777338673197322,0.361,0.066,0,"1","FCGR3A"
"TYROBP",0,0.774104231741811,0.439,0.253,0,"1","TYROBP"
"SH3BGRL3",0,0.77381229428629,0.996,0.945,0,"1","SH3BGRL3"
"B2M",0,0.77274053540587,1,1,0,"1","B2M"
"ID2",0,0.755544183178945,0.822,0.569,0,"1","ID2"
"CLIC3",0,0.751790023180936,0.339,0.062,0,"1","CLIC3"
"SYNE2",0,0.735361411150967,0.644,0.382,0,"1","SYNE2"
"ITGB2",0,0.731116841654529,0.761,0.518,0,"1","ITGB2"
"PPP2R5C",0,0.726896991176729,0.818,0.574,0,"1","PPP2R5C"
"SPON2",0,0.722738593433622,0.363,0.091,0,"1","SPON2"
"PFN1",0,0.710884278084302,0.993,0.948,0,"1","PFN1"
"ZEB2",0,0.703002607725381,0.511,0.175,0,"1","ZEB2"
"LCP1",0,0.696766406644047,0.804,0.567,0,"1","LCP1"
"CD247",0,0.685373696043403,0.676,0.511,0,"1","CD247"
"ABHD17A",0,0.68442276564513,0.656,0.395,0,"1","ABHD17A"
"RUNX3",0,0.679503115475436,0.602,0.291,0,"1","RUNX3"
"CALM1",0,0.677688060024455,0.999,0.978,0,"1","CALM1"
"ARL4C",0,0.673485837843617,0.951,0.796,0,"1","ARL4C"
"XCL2",0,0.665325534449436,0.261,0.032,0,"1","XCL2"
"SAMD3",0,0.665244021023454,0.528,0.199,0,"1","SAMD3"
"PLEK",0,0.650154820875104,0.489,0.17,0,"1","PLEK"
"IER2",0,0.648856849838524,0.937,0.812,0,"1","IER2"
"IL32",0,0.634387781424641,0.926,0.889,0,"1","IL32"
"KLRF1",0,0.624124370337311,0.294,0.047,0,"1","KLRF1"
"PMAIP1",0,0.623252624068469,0.468,0.272,0,"1","PMAIP1"
"LGALS1",0,0.616745903922786,0.605,0.377,0,"1","LGALS1"
"TRGC2",0,0.61609831495617,0.336,0.072,0,"1","TRGC2"
"CD81",0,0.615597721686699,0.634,0.372,0,"1","CD81"
"FLNA",0,0.61340202327466,0.597,0.332,0,"1","FLNA"
"MATK",0,0.61323906709457,0.437,0.099,0,"1","MATK"
"RNF213",0,0.61064912084081,0.701,0.492,0,"1","RNF213"
"PTPRC",0,0.605557260192299,0.96,0.886,0,"1","PTPRC"
"CD8A",0,0.6038517096333,0.377,0.172,0,"1","CD8A"
"CD63",0,0.592375719630483,0.583,0.337,0,"1","CD63"
"LINC01871",0,0.585383123786292,0.4,0.102,0,"1","LINC01871"
"BHLHE40",0,0.583893464236513,0.466,0.195,0,"1","BHLHE40"
"MT-CO1",0,0.581700397012273,0.999,0.994,0,"1","MT-CO1"
"ZFP36",0,0.579413542021547,0.915,0.754,0,"1","ZFP36"
"METRNL",0,0.575684326522898,0.384,0.095,0,"1","METRNL"
"KLRK1",0,0.574666436673326,0.454,0.159,0,"1","KLRK1"
"ACTB",0,0.552821087534415,0.998,0.99,0,"1","ACTB"
"CD99",0,0.551437655545399,0.81,0.574,0,"1","CD99"
"CFL1",0,0.549649022955083,0.986,0.941,0,"1","CFL1"
"ARPC2",0,0.54956657310876,0.917,0.822,0,"1","ARPC2"
"LITAF",0,0.544804877099888,0.697,0.509,0,"1","LITAF"
"MT-CO2",0,0.543670872875547,0.999,0.996,0,"1","MT-CO2"
"PIK3R1",0,0.543404349068097,0.715,0.552,0,"1","PIK3R1"
"UBB",0,0.54025910456152,0.975,0.911,0,"1","UBB"
"KLRG1",0,0.539576711953643,0.347,0.067,0,"1","KLRG1"
"SEPTIN7",0,0.539004748996195,0.877,0.752,0,"1","SEPTIN7"
"SRGN",0,0.533689518980919,0.981,0.868,0,"1","SRGN"
"CLIC1",0,0.52698077867927,0.761,0.53,0,"1","CLIC1"
"PYHIN1",0,0.514563130371562,0.403,0.134,0,"1","PYHIN1"
"MYL6",0,0.507495149257033,0.969,0.888,0,"1","MYL6"
"S100A6",0,0.496530526818517,0.973,0.92,0,"1","S100A6"
"IL2RG",0,0.49494483830652,0.778,0.615,0,"1","IL2RG"
"SMAD7",0,0.492659743662536,0.444,0.214,0,"1","SMAD7"
"C1orf21",0,0.488093593562042,0.31,0.042,0,"1","C1orf21"
"TGFB1",0,0.483579741598477,0.612,0.403,0,"1","TGFB1"
"MAP3K8",0,0.482302359748612,0.405,0.169,0,"1","MAP3K8"
"MYBL1",0,0.478135018837491,0.323,0.077,0,"1","MYBL1"
"APMAP",0,0.475861722377911,0.374,0.112,0,"1","APMAP"
"AHNAK",0,0.473439795868786,0.641,0.41,0,"1","AHNAK"
"GNG2",0,0.473272972001493,0.481,0.255,0,"1","GNG2"
"APOBEC3G",0,0.46464227527219,0.372,0.133,0,"1","APOBEC3G"
"MSN",0,0.459692655466535,0.578,0.405,0,"1","MSN"
"HLA-DPB1",0,0.458457473964654,0.571,0.323,0,"1","HLA-DPB1"
"MT-CYB",0,0.457350588869216,0.999,0.994,0,"1","MT-CYB"
"TMSB4X",0,0.454468518129745,1,1,0,"1","TMSB4X"
"HLA-E",0,0.452494829380284,0.998,0.975,0,"1","HLA-E"
"MT-ATP6",0,0.452138580236807,0.999,0.992,0,"1","MT-ATP6"
"IL2RB",0,0.450507672814077,0.295,0.085,0,"1","IL2RB"
"ITGAL",0,0.445713707782566,0.426,0.197,0,"1","ITGAL"
"CTSC",0,0.444998720403973,0.459,0.247,0,"1","CTSC"
"SRSF7",0,0.441713949915097,0.89,0.811,0,"1","SRSF7"
"MT-ND5",0,0.440051122172637,0.973,0.916,0,"1","MT-ND5"
"MYL12A",0,0.439592181579418,0.972,0.923,0,"1","MYL12A"
"GUK1",0,0.431276903805651,0.752,0.608,0,"1","GUK1"
"MYL12B",0,0.414339314769297,0.913,0.834,0,"1","MYL12B"
"H3F3B",0,0.408778824418141,0.999,0.995,0,"1","H3F3B"
"RBM39",0,0.408614959779181,0.94,0.886,0,"1","RBM39"
"UBC",0,0.405226815522973,0.997,0.987,0,"1","UBC"
"ARPC5L",0,0.400985560312827,0.471,0.278,0,"1","ARPC5L"
"GPR65",0,0.397617928923078,0.352,0.154,0,"1","GPR65"
"SERF2",0,0.390639542893624,0.996,0.983,0,"1","SERF2"
"MT-CO3",0,0.387286078359231,0.999,0.994,0,"1","MT-CO3"
"TGFBR3",0,0.376495084702534,0.269,0.057,0,"1","TGFBR3"
"TBX21",0,0.373179644787716,0.26,0.041,0,"1","TBX21"
"NCR3",0,0.363137787089257,0.256,0.071,0,"1","NCR3"
"MT-ND3",0,0.351736720874589,0.998,0.991,0,"1","MT-ND3"
"MYO1F",0,0.335604022309832,0.322,0.139,0,"1","MYO1F"
"RHOC",0,0.331096945918892,0.273,0.083,0,"1","RHOC"
"HLA-DPA1",0,0.296258079678935,0.496,0.278,0,"1","HLA-DPA1"
"CHST12",0,0.281645702959315,0.262,0.095,0,"1","CHST12"
"ACTN4",1.13242341543895e-307,0.31347204554004,0.332,0.147,2.40685272717394e-303,"1","ACTN4"
"YWHAZ",5.0380293392653e-296,0.369366885778287,0.894,0.818,1.07078275576745e-291,"1","YWHAZ"
"SYTL3",6.99833602059873e-295,0.351821853659328,0.324,0.149,1.48742633781805e-290,"1","SYTL3"
"HLA-DRB1",8.58533899648303e-293,0.325749979699871,0.444,0.238,1.8247279503125e-288,"1","HLA-DRB1"
"TLN1",8.87395063157403e-293,0.427633840411149,0.524,0.346,1.88606946723474e-288,"1","TLN1"
"HSP90AA1",5.71112316114682e-292,0.388856284933057,0.952,0.9,1.21384211667014e-287,"1","HSP90AA1"
"PPIB",1.35982567574261e-291,0.390884787179937,0.812,0.706,2.89017349122334e-287,"1","PPIB"
"HLA-F",4.02756832636225e-290,0.401428213232088,0.741,0.608,8.56019372085033e-286,"1","HLA-F"
"GAPDH",3.05746920652023e-287,0.289615333449463,0.964,0.893,6.4983450515381e-283,"1","GAPDH"
"TPM3",5.46384298232411e-286,0.367692264756721,0.88,0.799,1.16128518746317e-281,"1","TPM3"
"EMP3",2.02817365474014e-283,0.380123236959622,0.858,0.744,4.3106802857847e-279,"1","EMP3"
"JAK1",1.64335612279461e-277,0.446230084547057,0.756,0.65,3.49278910338766e-273,"1","JAK1"
"ARAP2",1.20338136187606e-274,0.317321264880562,0.307,0.14,2.55766674653138e-270,"1","ARAP2"
"PLAAT4",6.50506280889009e-269,0.433018703660775,0.683,0.554,1.3825860494015e-264,"1","PLAAT4"
"ANXA1",2.50990534288852e-262,0.295389229951115,0.859,0.679,5.33455281577526e-258,"1","ANXA1"
"TPST2",1.87511470870929e-261,0.257953038123547,0.257,0.105,3.98536880189072e-257,"1","TPST2"
"PIP4K2A",5.89597596047693e-261,0.371532807746334,0.491,0.319,1.25313073063977e-256,"1","PIP4K2A"
"DUSP1",3.26653563801982e-258,0.482555762171275,0.969,0.921,6.94269484504733e-254,"1","DUSP1"
"IRF1",2.95536213184215e-255,0.423415074342307,0.791,0.652,6.2813266750173e-251,"1","IRF1"
"FYN",3.23820665235995e-254,0.388549982521836,0.526,0.359,6.88248441892583e-250,"1","FYN"
"PAXX",1.64707970544164e-250,0.368752761612984,0.517,0.349,3.50070320594566e-246,"1","PAXX"
"CAST",2.55764104999639e-245,0.412069811423091,0.581,0.422,5.43601028766233e-241,"1","CAST"
"AKNA",7.64735501227747e-241,0.342790400429839,0.347,0.187,1.62536883430945e-236,"1","AKNA"
"S100A10",1.05340283182717e-238,0.312435870523562,0.909,0.805,2.23890237876548e-234,"1","S100A10"
"RAP1B",2.02904446103672e-237,0.369930706238663,0.735,0.635,4.31253109748745e-233,"1","RAP1B"
"PDIA3",3.36884439023362e-232,0.406934143499996,0.64,0.52,7.16014186700253e-228,"1","PDIA3"
"CYTOR",6.23459021779243e-228,0.32321193628207,0.313,0.153,1.3250998048896e-223,"1","CYTOR"
"PSME1",8.69794029596111e-227,0.342349823137746,0.883,0.814,1.84866023050357e-222,"1","PSME1"
"HMGB1",2.93516341854562e-223,0.298733562173309,0.964,0.93,6.23839632977687e-219,"1","HMGB1"
"UTRN",1.08835002624029e-220,0.392954664777489,0.431,0.272,2.31317914577112e-216,"1","UTRN"
"TNFRSF1B",1.78988174051352e-219,0.25416218314715,0.303,0.15,3.80421465128744e-215,"1","TNFRSF1B"
"DHRS7",5.5821256935085e-218,0.357221544508867,0.469,0.31,1.1864249948983e-213,"1","DHRS7"
"HSPA5",8.98190645839701e-216,0.382783303775969,0.761,0.648,1.9090143986677e-211,"1","HSPA5"
"DSTN",1.71679201700648e-214,0.400540912069842,0.498,0.347,3.64886975294558e-210,"1","DSTN"
"SRP14",2.38126649166586e-213,0.269635491073926,0.973,0.955,5.06114380138662e-209,"1","SRP14"
"ITGB1",1.48535498390326e-211,0.356376114900139,0.537,0.359,3.15697348278798e-207,"1","ITGB1"
"DBI",3.34136011428664e-208,0.313750119799243,0.632,0.495,7.10172678690483e-204,"1","DBI"
"MBP",6.80009214171696e-206,0.382460987547029,0.57,0.435,1.44529158380052e-201,"1","MBP"
"WIPF1",6.28975588430775e-202,0.330499307460374,0.509,0.361,1.33682471565077e-197,"1","WIPF1"
"C5orf56",1.5147162998774e-201,0.273767981025829,0.316,0.17,3.21937802375943e-197,"1","C5orf56"
"SLC9A3R1",1.20069798146578e-197,0.295270239202184,0.357,0.209,2.55196348980737e-193,"1","SLC9A3R1"
"YWHAQ",1.59435369735794e-197,0.342464148397936,0.512,0.369,3.38863934836456e-193,"1","YWHAQ"
"CEMIP2",3.78963501519186e-196,0.362699924011801,0.378,0.231,8.05449026128878e-192,"1","CEMIP2"
"RAB5IF",2.88794258884448e-195,0.323357030672609,0.42,0.269,6.13803317833005e-191,"1","RAB5IF"
"DOK2",8.68475725579001e-195,0.280781694161159,0.365,0.212,1.84585830714561e-190,"1","DOK2"
"PSMB9",4.5856966710626e-194,0.361501814860357,0.583,0.46,9.74643970467644e-190,"1","PSMB9"
"CRIP1",5.69724752657862e-194,0.265703865037689,0.883,0.75,1.21089298929902e-189,"1","CRIP1"
"GSTP1",1.39663022580135e-191,0.301584735725812,0.643,0.516,2.96839788191819e-187,"1","GSTP1"
"HSP90B1",2.8715496712473e-189,0.350640387839239,0.676,0.562,6.10319167126901e-185,"1","HSP90B1"
"IKZF3",6.80595323740963e-186,0.304349426943204,0.353,0.209,1.44653730107904e-181,"1","IKZF3"
"CLEC2B",4.25923901680318e-181,0.351406520931324,0.647,0.532,9.05258660631348e-177,"1","CLEC2B"
"RAB8B",4.72762458067395e-180,0.275528532986658,0.333,0.194,1.00480932837644e-175,"1","RAB8B"
"RORA",6.17716278629793e-173,0.335773723863499,0.497,0.356,1.31289417859976e-168,"1","RORA"
"TUBA4A",7.72718764718348e-172,0.477690153407536,0.515,0.396,1.64233646253238e-167,"1","TUBA4A"
"GABARAPL1",9.33989834844406e-172,0.285244755111858,0.365,0.225,1.9851019949783e-167,"1","GABARAPL1"
"FAM49B",1.03225946232885e-171,0.305733074273148,0.477,0.341,2.19396426123373e-167,"1","FAM49B"
"IQGAP2",1.4011484469176e-170,0.290082696423113,0.406,0.264,2.97800090907866e-166,"1","IQGAP2"
"PRDM1",2.01000341577332e-170,0.254361788110006,0.296,0.161,4.27206125988462e-166,"1","PRDM1"
"SERTAD1",3.62273867767636e-167,0.376193907231819,0.473,0.341,7.69976878553333e-163,"1","SERTAD1"
"ELOB",3.13019360316376e-165,0.265532878442056,0.839,0.775,6.65291348416426e-161,"1","ELOB"
"REL",3.34786421348188e-164,0.294519336479623,0.391,0.253,7.1155505993344e-160,"1","REL"
"CALR",1.23420409627408e-163,0.36298311142343,0.631,0.53,2.62317738622092e-159,"1","CALR"
"PTP4A2",8.34496139278681e-162,0.306116757872286,0.741,0.655,1.77363809442291e-157,"1","PTP4A2"
"GNPTAB",5.16433502945415e-161,0.269607665870652,0.286,0.16,1.09762776716019e-156,"1","GNPTAB"
"BZW1",3.50181364507165e-158,0.335578101645374,0.599,0.499,7.44275472123528e-154,"1","BZW1"
"AKAP13",4.41261942657107e-153,0.334594563007174,0.575,0.461,9.37858132923416e-149,"1","AKAP13"
"IQGAP1",9.05495085605232e-153,0.329223635346476,0.58,0.471,1.92453925494536e-148,"1","IQGAP1"
"TENT5C",2.37988134482081e-149,0.2515626669608,0.393,0.255,5.05819981028214e-145,"1","TENT5C"
"ZBTB1",5.16572343366199e-148,0.320255800746316,0.465,0.339,1.09792285859052e-143,"1","ZBTB1"
"LSP1",6.27002270268893e-148,0.305066908513517,0.607,0.509,1.3326306252295e-143,"1","LSP1"
"RAC2",9.37325251286921e-146,0.310073724183111,0.764,0.696,1.99219108908522e-141,"1","RAC2"
"IER5",1.07034330445243e-143,0.345181020151298,0.553,0.437,2.27490765928319e-139,"1","IER5"
"RNF166",4.41245970655946e-143,0.266717419128021,0.405,0.277,9.37824186032148e-139,"1","RNF166"
"FKBP11",8.27469422482521e-143,0.26079074200829,0.381,0.254,1.75870351054435e-138,"1","FKBP11"
"PARP8",1.38542986843455e-142,0.267828256785118,0.377,0.25,2.9445926423708e-138,"1","PARP8"
"GADD45B",2.31485826526977e-137,0.354520240628868,0.813,0.736,4.91999975700438e-133,"1","GADD45B"
"MACF1",3.16533107370369e-131,0.306972899001511,0.435,0.314,6.72759466404982e-127,"1","MACF1"
"NDUFB7",7.02187419380571e-126,0.27638345095504,0.496,0.386,1.49242914115146e-121,"1","NDUFB7"
"SUN2",2.45786418019168e-125,0.279912411165775,0.468,0.355,5.2239445285794e-121,"1","SUN2"
"OSTF1",2.88583501607879e-125,0.251717961558428,0.398,0.281,6.13355374317386e-121,"1","OSTF1"
"ITGA4",8.19216087750436e-122,0.256463970421979,0.491,0.367,1.74116187290478e-117,"1","ITGA4"
"SELENOK",6.15244777103262e-119,0.260581603617144,0.677,0.588,1.30764124925527e-114,"1","SELENOK"
"JUN",1.55026832815358e-117,0.449901593586479,0.978,0.951,3.29494030465763e-113,"1","JUN"
"POMP",6.19763123668233e-117,0.268731409692399,0.518,0.413,1.31724454304446e-112,"1","POMP"
"RHOA",9.26349930553595e-117,0.259080029546796,0.726,0.661,1.96886414239861e-112,"1","RHOA"
"SRSF2",1.40623757543485e-116,0.289788026551837,0.706,0.644,2.98881734282924e-112,"1","SRSF2"
"CD52",2.26482222148871e-116,0.33177825560862,0.94,0.94,4.8136531495521e-112,"1","CD52"
"TUBB4B",5.98082153927168e-116,0.32687643143566,0.651,0.57,1.2711638099568e-111,"1","TUBB4B"
"BTG2",6.48288864514667e-111,0.309565234893922,0.802,0.737,1.37787315263947e-106,"1","BTG2"
"MAP1LC3B",3.87655094776024e-108,0.272293805029299,0.541,0.448,8.23922138436962e-104,"1","MAP1LC3B"
"NFKBIA",2.03319128297374e-105,0.350185600119145,0.959,0.911,4.32134475283239e-101,"1","NFKBIA"
"IFITM1",1.17750430691459e-103,0.315481439568652,0.718,0.651,2.50266765391627e-99,"1","IFITM1"
"CCL3",1.45825430704859e-94,0.45576069709609,0.321,0.22,3.09937370420107e-90,"1","CCL3"
"BIN2",7.57861703270618e-91,0.258854396285454,0.56,0.484,1.61075926413137e-86,"1","BIN2"
"CD53",5.0132064411875e-88,0.255955549750936,0.582,0.513,1.06550689700999e-83,"1","CD53"
"MYH9",6.1717136862247e-88,0.253430133736076,0.477,0.387,1.3117360268702e-83,"1","MYH9"
"CXCR4",6.09620273220447e-87,0.328761282638875,0.915,0.903,1.29568692870274e-82,"1","CXCR4"
"NR4A2",2.03891334910063e-81,0.275400414516374,0.507,0.42,4.33350643217848e-77,"1","NR4A2"
"TCF25",2.09015896079397e-80,0.258359200674656,0.546,0.478,4.44242385527151e-76,"1","TCF25"
"CREM",2.32195855195266e-80,0.258559622730184,0.38,0.286,4.93509070632018e-76,"1","CREM"
"MT2A",1.25219959845133e-71,0.333564072506418,0.457,0.378,2.66142502654845e-67,"1","MT2A"
"PLAC8",3.41523440464195e-38,0.252778628681849,0.564,0.542,7.25873920362601e-34,"1","PLAC8"
"CD7",7.88931641193049e-38,0.271310632990499,0.57,0.547,1.67679531019171e-33,"1","CD7"
"LYZ",0,2.26601895305824,0.616,0.378,0,"2","LYZ"
"SOX4",0,1.82718163516521,0.562,0.071,0,"2","SOX4"
"HLA-DRA",0,1.8184573565036,0.707,0.313,0,"2","HLA-DRA"
"CST3",0,1.73037530882959,0.611,0.168,0,"2","CST3"
"CD74",0,1.59782707969789,0.888,0.623,0,"2","CD74"
"NEAT1",0,1.52569225662,0.967,0.774,0,"2","NEAT1"
"CFD",0,1.39459226055661,0.414,0.079,0,"2","CFD"
"ANKRD28",0,1.28898632726212,0.546,0.162,0,"2","ANKRD28"
"AIF1",0,1.27753383331732,0.685,0.281,0,"2","AIF1"
"AC020916.1",0,1.17084294498899,0.728,0.457,0,"2","AC020916.1"
"SPINK2",0,1.12926413934763,0.302,0.043,0,"2","SPINK2"
"HLA-DRB11",0,0.998616025011836,0.572,0.292,0,"2","HLA-DRB1"
"SAT1",0,0.960796295990167,0.885,0.691,0,"2","SAT1"
"VIM",0,0.93908384913673,0.98,0.964,0,"2","VIM"
"LST1",0,0.934696993369122,0.492,0.178,0,"2","LST1"
"H2AFY",0,0.871165993801673,0.565,0.301,0,"2","H2AFY"
"YBX3",0,0.851713493362956,0.514,0.19,0,"2","YBX3"
"FTL",0,0.826388111451246,0.998,0.997,0,"2","FTL"
"GAPDH1",0,0.823909478249399,0.981,0.915,0,"2","GAPDH"
"CEBPD",0,0.798292998421413,0.402,0.133,0,"2","CEBPD"
"CDK6",0,0.789823433940583,0.408,0.141,0,"2","CDK6"
"PRSS57",0,0.779754022427135,0.297,0.031,0,"2","PRSS57"
"TYROBP1",0,0.767182090632862,0.68,0.287,0,"2","TYROBP"
"IFI30",0,0.760231077153207,0.311,0.073,0,"2","IFI30"
"MGST1",0,0.724702477105,0.276,0.018,0,"2","MGST1"
"GIHCG",0,0.721188727799375,0.349,0.087,0,"2","GIHCG"
"GLUL",0,0.704650280805535,0.429,0.146,0,"2","GLUL"
"FAM30A",0,0.647244774138516,0.271,0.02,0,"2","FAM30A"
"MIR181A1HG",0,0.646743379085952,0.31,0.035,0,"2","MIR181A1HG"
"CCDC88A",0,0.58980000865819,0.337,0.058,0,"2","CCDC88A"
"SPI1",0,0.581736381495174,0.348,0.044,0,"2","SPI1"
"CSF3R",0,0.565446634618462,0.339,0.066,0,"2","CSF3R"
"TSC22D1",0,0.559787853415206,0.273,0.07,0,"2","TSC22D1"
"SMIM24",0,0.527482762991201,0.263,0.013,0,"2","SMIM24"
"MEF2C",0,0.51490241772646,0.274,0.018,0,"2","MEF2C"
"BCL11A",0,0.51046611446154,0.263,0.014,0,"2","BCL11A"
"HLA-DMA",0,0.494519095519071,0.333,0.098,0,"2","HLA-DMA"
"RNF130",0,0.488742732876032,0.337,0.089,0,"2","RNF130"
"DDAH2",0,0.462973414455482,0.298,0.069,0,"2","DDAH2"
"ETV6",0,0.454994816166192,0.316,0.071,0,"2","ETV6"
"GNA15",0,0.429182248505485,0.262,0.028,0,"2","GNA15"
"LYL1",0,0.428637308656766,0.259,0.032,0,"2","LYL1"
"CD302",0,0.426758717456594,0.254,0.023,0,"2","CD302"
"MBOAT7",0,0.381194211708725,0.265,0.058,0,"2","MBOAT7"
"LAT2",0,0.345368057991961,0.25,0.058,0,"2","LAT2"
"S100A8",1.54956783273118e-306,2.05957039231919,0.512,0.285,3.29345147168685e-302,"2","S100A8"
"CAT",2.00948322724804e-305,0.498063460816832,0.315,0.094,4.27095565119299e-301,"2","CAT"
"CAPG",1.05673667667345e-299,0.405432132366905,0.272,0.071,2.24598813260175e-295,"2","CAPG"
"H3F3A",4.58026501492028e-286,0.579713065358753,0.994,0.973,9.73489526271157e-282,"2","H3F3A"
"IGFBP7",4.27093080974749e-284,0.482547442659169,0.301,0.087,9.07743634303732e-280,"2","IGFBP7"
"GRN",1.60386689925452e-281,0.432820939898694,0.271,0.075,3.40885870767555e-277,"2","GRN"
"HLA-DQB1",1.8262374030875e-280,0.570341482273299,0.292,0.088,3.88148497652218e-276,"2","HLA-DQB1"
"ATF3",1.4874292330206e-273,0.731187179465399,0.363,0.133,3.16138209186199e-269,"2","ATF3"
"TKT",3.92160443673774e-265,0.701154029859276,0.565,0.328,8.3349780698424e-261,"2","TKT"
"ITM2C",8.56581158894749e-262,0.41070386189005,0.258,0.072,1.8205775951149e-257,"2","ITM2C"
"LYN",3.60386004910855e-261,0.376580428010855,0.288,0.087,7.65964414837531e-257,"2","LYN"
"HSH2D",1.69304848850432e-260,0.493730950554884,0.346,0.123,3.59840525746708e-256,"2","HSH2D"
"HNRNPH1",1.22127832602508e-257,0.637767420892572,0.771,0.557,2.59570495413371e-253,"2","HNRNPH1"
"TALDO1",2.81986012489923e-256,0.651171071778734,0.499,0.263,5.99333070946083e-252,"2","TALDO1"
"KDM5B",1.56490133014466e-252,0.497168915737286,0.331,0.116,3.32604128708945e-248,"2","KDM5B"
"MT-ND1",3.13664425916297e-251,0.788486764904095,0.994,0.986,6.66662370842498e-247,"2","MT-ND1"
"MT-ND2",2.36672922529651e-249,0.925246845267846,0.993,0.99,5.03024629544521e-245,"2","MT-ND2"
"TPM4",4.04957824642849e-246,0.805060596283012,0.49,0.257,8.60697360495912e-242,"2","TPM4"
"MPO",6.51272126378617e-245,1.23556590194248,0.295,0.102,1.38421377740511e-240,"2","MPO"
"CXCL8",3.41123812099799e-244,1.3949558982578,0.576,0.386,7.25024550236913e-240,"2","CXCL8"
"MT-ND4",7.95697020723107e-241,0.986948662784551,0.996,0.993,1.69117444784489e-236,"2","MT-ND4"
"S100A9",8.07626481750354e-241,2.15499114584678,0.54,0.369,1.7165293243122e-236,"2","S100A9"
"ARMH1",3.3569956971717e-237,0.535250074061062,0.362,0.144,7.13495865476874e-233,"2","ARMH1"
"RILPL2",3.78392632742908e-232,0.547614622872739,0.413,0.185,8.04235701631777e-228,"2","RILPL2"
"LGALS11",4.27643476924893e-231,0.800258849296976,0.714,0.441,9.08913445856168e-227,"2","LGALS1"
"MT-ND4L",2.33651180499585e-223,0.766532251580497,0.833,0.678,4.96602219033819e-219,"2","MT-ND4L"
"CXCL2",1.44693522441537e-214,0.580232241337788,0.254,0.083,3.07531612597243e-210,"2","CXCL2"
"DUSP6",3.8878325271288e-212,0.483229333525916,0.27,0.092,8.26319925315956e-208,"2","DUSP6"
"APLP2",6.96075996762786e-211,0.507184661705988,0.362,0.154,1.47943992351963e-206,"2","APLP2"
"SNHG291",1.63292124521798e-209,0.681651763542898,0.969,0.889,3.47061081458629e-205,"2","SNHG29"
"HLA-DPA11",2.82307357592539e-209,0.866992445692768,0.548,0.345,6.00016057827183e-205,"2","HLA-DPA1"
"CD82",2.98025204640414e-208,0.357880352567042,0.274,0.093,6.33422769942736e-204,"2","CD82"
"MED13L",2.0193533633047e-200,0.545085363850438,0.41,0.198,4.2919336383678e-196,"2","MED13L"
"GSTP11",1.60719158529287e-198,0.76108725498429,0.711,0.551,3.41592499538146e-194,"2","GSTP1"
"MCL1",4.78599294804621e-194,0.687324039526725,0.839,0.68,1.01721494117774e-189,"2","MCL1"
"FTH1",3.08160907513405e-193,0.731279330688817,1,1,6.54965192828992e-189,"2","FTH1"
"ATP2B1-AS1",4.81751292574011e-193,0.661600825131551,0.5,0.286,1.0239141972368e-188,"2","ATP2B1-AS1"
"CTNNB1",2.12439194379702e-191,0.477837353035353,0.388,0.181,4.5151826373462e-187,"2","CTNNB1"
"FCER1G",9.08210519832296e-189,0.506825462781713,0.4,0.181,1.93031063885156e-184,"2","FCER1G"
"IL1B",1.68646079473331e-185,0.873332623805567,0.357,0.174,3.58440377312617e-181,"2","IL1B"
"PYCARD",8.08910435962662e-184,0.486004943950733,0.416,0.211,1.71925824059504e-179,"2","PYCARD"
"TXN",2.48824427244965e-183,0.719261435806045,0.593,0.428,5.28851437666449e-179,"2","TXN"
"WDFY2",5.78043886658691e-183,0.332781839598733,0.251,0.086,1.22857447670438e-178,"2","WDFY2"
"MT-CO11",6.46986897501076e-181,0.772119951186457,0.997,0.996,1.37510595194879e-176,"2","MT-CO1"
"KLF4",1.17843976075132e-179,0.463339506230638,0.265,0.1,2.50465586750085e-175,"2","KLF4"
"ZFAS1",1.22070384068025e-173,0.575151378099525,0.973,0.888,2.5944839429818e-169,"2","ZFAS1"
"SERPINB1",5.37837420134214e-171,0.843573870617267,0.532,0.363,1.14311965275326e-166,"2","SERPINB1"
"EIF4A1",1.63300123914757e-170,0.458506670207694,0.916,0.794,3.47078083368424e-166,"2","EIF4A1"
"FOSB",4.12219452576158e-170,0.587704451953458,0.93,0.808,8.76131224505365e-166,"2","FOSB"
"STMN1",8.95282786496382e-170,0.455287237722958,0.345,0.158,1.90283403441941e-165,"2","STMN1"
"MT-ND31",3.18995141900952e-165,0.685358646290827,0.995,0.994,6.77992274596282e-161,"2","MT-ND3"
"BAZ2B",7.45783297292706e-163,0.314804458151334,0.259,0.096,1.58508782006592e-158,"2","BAZ2B"
"IFITM3",1.89533590387163e-159,0.477436515694469,0.367,0.178,4.02834693008876e-155,"2","IFITM3"
"RAB11FIP1",2.20069509931593e-159,0.461804184514414,0.34,0.158,4.67735736408608e-155,"2","RAB11FIP1"
"PLAUR",2.66415670232327e-156,0.421969663721828,0.266,0.108,5.66239865511789e-152,"2","PLAUR"
"MIS18BP1",9.87899247547493e-156,0.430698375248523,0.386,0.195,2.09968106073744e-151,"2","MIS18BP1"
"CUX1",3.75941442445073e-154,0.306885756163889,0.291,0.121,7.99025941772759e-150,"2","CUX1"
"GNAQ",4.01882513819018e-154,0.316592261905959,0.281,0.115,8.54161094870941e-150,"2","GNAQ"
"ASAH1",8.29725439474791e-154,0.463737403454651,0.387,0.201,1.76349844905972e-149,"2","ASAH1"
"HSBP1",5.19735217961259e-153,0.306854960353059,0.295,0.125,1.10464523225486e-148,"2","HSBP1"
"MT-CO21",2.24656104407752e-152,0.612048817321211,0.997,0.997,4.77484084308236e-148,"2","MT-CO2"
"JARID2",1.70902738482508e-151,0.358232394921401,0.337,0.156,3.63236680370723e-147,"2","JARID2"
"RUNX1",5.31564076293209e-150,0.476343562717101,0.385,0.201,1.12978628775359e-145,"2","RUNX1"
"HLA-DPB11",7.48598680738448e-150,0.729610787049552,0.579,0.406,1.5910716360415e-145,"2","HLA-DPB1"
"TYMP",1.86501492857101e-149,0.428096229138899,0.297,0.133,3.96390272918482e-145,"2","TYMP"
"CLIC11",4.56324443114101e-149,0.485131644372624,0.777,0.606,9.69871971394711e-145,"2","CLIC1"
"COMT",8.18414405152594e-147,0.344541905513842,0.319,0.148,1.73945797671132e-142,"2","COMT"
"HIST1H2AC",7.02652223566498e-141,0.437652951622312,0.292,0.13,1.49341703596824e-136,"2","HIST1H2AC"
"CCL3L1",6.21218754860143e-138,0.884132195072465,0.331,0.172,1.32033834157975e-133,"2","CCL3L1"
"MT-ND51",1.5237594556848e-136,0.767313062064694,0.982,0.934,3.23859834711247e-132,"2","MT-ND5"
"PTTG1IP",1.65719876878018e-134,0.272788839512142,0.252,0.103,3.5222102631654e-130,"2","PTTG1IP"
"MXD1",5.98503084826944e-131,0.338093560418135,0.306,0.144,1.27205845649119e-126,"2","MXD1"
"ZEB21",9.91674680435488e-130,0.434491696155202,0.495,0.29,2.10770536579759e-125,"2","ZEB2"
"DUSP10",3.0495419293548e-124,0.288108899502012,0.272,0.12,6.48149641665068e-120,"2","DUSP10"
"CHD9",7.54263872885153e-124,0.32419366585213,0.33,0.163,1.6031124354301e-119,"2","CHD9"
"CTSS",9.39956131301815e-122,0.682387309319805,0.539,0.402,1.99778276146888e-117,"2","CTSS"
"NPC2",7.54070975247629e-121,0.412184534498611,0.4,0.236,1.60270245079131e-116,"2","NPC2"
"KLF6",1.05958171146954e-118,0.488477274931843,0.968,0.874,2.25203496955736e-114,"2","KLF6"
"CCL31",4.20322474966609e-117,0.626521656620448,0.401,0.244,8.9335338829403e-113,"2","CCL3"
"MT-CO31",7.15371851079348e-117,0.577123724799701,0.996,0.996,1.52045133228405e-112,"2","MT-CO3"
"ENO1",1.91513203757837e-113,0.511835795103804,0.652,0.54,4.07042163266907e-109,"2","ENO1"
"MSI2",5.1140192839048e-113,0.493471981466634,0.333,0.181,1.08693365860113e-108,"2","MSI2"
"PLEK1",3.51541813090232e-112,0.370001224185058,0.469,0.28,7.47166969541978e-108,"2","PLEK"
"HNRNPU",2.93842087945843e-111,0.494435784860753,0.8,0.679,6.24531973720094e-107,"2","HNRNPU"
"MT-ATP61",2.21413264311199e-107,0.637106076215661,0.996,0.995,4.70591751967023e-103,"2","MT-ATP6"
"IER3",4.84920076624027e-107,0.512217975753529,0.305,0.164,1.03064913085671e-102,"2","IER3"
"NFKBIZ",4.98540604563576e-106,0.477658263408123,0.429,0.272,1.05959820093943e-101,"2","NFKBIZ"
"MAP3K81",1.24714548408089e-105,0.46580838050256,0.415,0.248,2.65068301186552e-101,"2","MAP3K8"
"AC103591.3",1.25592114778418e-103,0.54928824631686,0.617,0.478,2.6693348075005e-99,"2","AC103591.3"
"TAGLN2",2.29025258754401e-103,0.447664487631102,0.754,0.623,4.86770284956604e-99,"2","TAGLN2"
"LEPROT",1.0924231693269e-101,0.252934277769604,0.262,0.125,2.32183620408739e-97,"2","LEPROT"
"ARID1B",1.16090085771356e-100,0.456230019914785,0.458,0.308,2.46737868298441e-96,"2","ARID1B"
"VAMP8",6.85632434946379e-100,0.496263612575947,0.586,0.486,1.45724317723503e-95,"2","VAMP8"
"IRF2BP2",1.75703206158745e-99,0.464151138860627,0.586,0.46,3.73439594369797e-95,"2","IRF2BP2"
"SPN",6.89292310138878e-98,0.373540495360333,0.417,0.261,1.46502187596917e-93,"2","SPN"
"FTX",1.00349872674402e-91,0.283683774885381,0.259,0.128,2.13283619382173e-87,"2","FTX"
"OAZ1",4.79508395551434e-91,0.330242200679473,0.947,0.886,1.01914714390502e-86,"2","OAZ1"
"CD44",2.49578824497307e-90,0.436662214427237,0.791,0.68,5.30454833586577e-86,"2","CD44"
"MYADM",2.37554566331026e-89,0.464086319507212,0.51,0.374,5.04898475279963e-85,"2","MYADM"
"CD991",1.34428388379533e-88,0.4403426764977,0.794,0.655,2.85714096661859e-84,"2","CD99"
"BRI3",1.70925955403591e-88,0.40079091111485,0.446,0.313,3.63286025614792e-84,"2","BRI3"
"NCOA4",1.7232051035297e-88,0.26853409226045,0.27,0.141,3.66250012704203e-84,"2","NCOA4"
"TIMP1",4.55362847393062e-88,0.406976556588389,0.425,0.28,9.67828195849214e-84,"2","TIMP1"
"KLF10",1.46259927102665e-85,0.288356256110917,0.288,0.154,3.10860849064005e-81,"2","KLF10"
"VMP1",1.50884990627508e-83,0.426199162553024,0.386,0.247,3.20690959079705e-79,"2","VMP1"
"GABARAP",1.92848360685549e-80,0.407509263628566,0.69,0.608,4.09879905801067e-76,"2","GABARAP"
"TFRC",7.21951685568151e-80,0.351291742685453,0.253,0.133,1.53443611250655e-75,"2","TFRC"
"LRRFIP1",2.0920311629367e-78,0.403517477336019,0.625,0.522,4.44640303370566e-74,"2","LRRFIP1"
"PSAP",9.01447188571451e-77,0.451839769408851,0.449,0.333,1.91593585458976e-72,"2","PSAP"
"LAPTM4A",1.84919787363474e-76,0.320302459851112,0.374,0.246,3.93028516062328e-72,"2","LAPTM4A"
"ACTG1",3.41144480111378e-76,0.305535189028736,0.98,0.958,7.25068478028722e-72,"2","ACTG1"
"H1FX",7.42269007435268e-75,0.372774839631662,0.677,0.541,1.57761854840292e-70,"2","H1FX"
"EGR1",2.23444546803915e-74,0.399373690141535,0.269,0.148,4.74909039777042e-70,"2","EGR1"
"MPG",1.08941047405283e-72,0.279464416907553,0.297,0.176,2.31543302155188e-68,"2","MPG"
"NME2",1.37160878068721e-70,0.378339513124358,0.845,0.764,2.91521730247259e-66,"2","NME2"
"S100A11",5.66655171217803e-70,0.482196587875539,0.512,0.398,1.20436890090632e-65,"2","S100A11"
"PPP1R14B",1.76113527162886e-66,0.403591346665908,0.349,0.229,3.74311690631998e-62,"2","PPP1R14B"
"HMGA1",2.10895847110163e-66,0.267205004929996,0.317,0.196,4.4823803344794e-62,"2","HMGA1"
"PTPRE",2.65699119739018e-64,0.26778697946472,0.312,0.191,5.64716909093309e-60,"2","PTPRE"
"ANXA11",1.93055113791161e-63,0.307017758529042,0.871,0.738,4.10319338851734e-59,"2","ANXA1"
"ATP6V0B",4.35918936321955e-63,0.318554532283278,0.42,0.307,9.26502107258683e-59,"2","ATP6V0B"
"AREG",1.05223651760675e-61,0.681440533232805,0.466,0.355,2.23642349452138e-57,"2","AREG"
"NAMPT",1.41113073075886e-61,0.470806960162363,0.365,0.257,2.99921725515489e-57,"2","NAMPT"
"MT-ATP8",7.97170070983415e-61,0.299997322657852,0.376,0.256,1.69430526886815e-56,"2","MT-ATP8"
"GABPB1-AS1",3.62485645860092e-60,0.26920451649416,0.317,0.198,7.7042699171104e-56,"2","GABPB1-AS1"
"C1orf56",8.73437684358182e-60,0.362134023162258,0.262,0.163,1.85640445433488e-55,"2","C1orf56"
"YWHAE",2.38273099086475e-59,0.278052787172561,0.403,0.287,5.06425644798393e-55,"2","YWHAE"
"CALR1",2.63323644245204e-59,0.310092177642438,0.665,0.56,5.59668073478756e-55,"2","CALR"
"CD631",1.16173407026813e-58,0.323376366325711,0.541,0.425,2.46914959294789e-54,"2","CD63"
"AP1S2",1.40368139172166e-58,0.258625577592056,0.296,0.185,2.98338442996522e-54,"2","AP1S2"
"TUBB",6.09028632586205e-57,0.273422279239914,0.345,0.232,1.29442945569872e-52,"2","TUBB"
"PNN",6.72518483247464e-57,0.380586070891493,0.556,0.47,1.42937078429416e-52,"2","PNN"
"RTN4",9.7240880458643e-57,0.288214113369854,0.459,0.347,2.066757673268e-52,"2","RTN4"
"GSTO1",1.98035074338872e-56,0.252758068482648,0.348,0.235,4.20903746999839e-52,"2","GSTO1"
"ARPC3",9.36896808390017e-56,0.254753621482277,0.928,0.874,1.99128047655214e-51,"2","ARPC3"
"UQCRH",2.99867419468284e-55,0.264548342538024,0.803,0.729,6.3733821333789e-51,"2","UQCRH"
"MDM4",8.80064259440329e-53,0.262792382528027,0.447,0.333,1.87048857701448e-48,"2","MDM4"
"HMGN3",4.08340968644945e-52,0.323308021053668,0.438,0.335,8.67887894757966e-48,"2","HMGN3"
"CD83",2.69300525967273e-51,0.315729392413741,0.275,0.178,5.72371337890842e-47,"2","CD83"
"XIST",3.37470925991528e-51,0.51535492777399,0.433,0.337,7.17260706102394e-47,"2","XIST"
"SFPQ",3.53482761044605e-51,0.327488407219733,0.607,0.528,7.51292260324203e-47,"2","SFPQ"
"DDX17",1.2618350671404e-50,0.362088230042973,0.563,0.481,2.68190425170021e-46,"2","DDX17"
"PHIP",1.1933305364314e-48,0.253790938317487,0.352,0.243,2.53630472213129e-44,"2","PHIP"
"PNISR",1.28305487574386e-47,0.284557189732267,0.78,0.693,2.72700483290601e-43,"2","PNISR"
"LUC7L3",1.39201002347087e-46,0.317840883428811,0.418,0.318,2.95857810388498e-42,"2","LUC7L3"
"WSB1",4.21765946781318e-46,0.2692864132149,0.404,0.302,8.96421343289013e-42,"2","WSB1"
"GNG5",6.64885928758698e-45,0.300997467413684,0.516,0.443,1.41314855298374e-40,"2","GNG5"
"SOD2",1.82578247277923e-44,0.547096054070458,0.486,0.439,3.88051806764497e-40,"2","SOD2"
"TUBA1B",7.124724391713e-44,0.28707061532536,0.638,0.555,1.51428892221468e-39,"2","TUBA1B"
"GLIPR1",8.95427203571263e-44,0.28160012090119,0.371,0.272,1.90314097847036e-39,"2","GLIPR1"
"MT-CYB1",9.22575519180209e-44,0.374094433553263,0.997,0.996,1.96084200846562e-39,"2","MT-CYB"
"CTSD",7.64523285289246e-42,0.292532731087266,0.41,0.317,1.62491779055376e-37,"2","CTSD"
"FOSL2",1.55821040967426e-41,0.258941177804408,0.317,0.222,3.31182040472167e-37,"2","FOSL2"
"GAS51",3.08117069412278e-41,0.27823974285696,0.938,0.844,6.54872019328855e-37,"2","GAS5"
"SRGN1",7.23824527684441e-39,0.263328317596156,0.96,0.908,1.53841665114051e-34,"2","SRGN"
"DBI1",1.47756322576064e-35,0.416903314135787,0.597,0.545,3.14041288003167e-31,"2","DBI"
"SNHG7",3.93392956319537e-34,0.356510055792507,0.459,0.404,8.36117389361544e-30,"2","SNHG7"
"COTL1",1.24442155651983e-31,0.335237923334309,0.482,0.417,2.64489357622725e-27,"2","COTL1"
"NUCB2",8.44974884660273e-29,0.360625227592915,0.458,0.401,1.79590961985694e-24,"2","NUCB2"
"HIST1H1E",4.27394073606428e-27,0.296900093769018,0.35,0.276,9.08383364043102e-23,"2","HIST1H1E"
"AMD1",1.1125631877813e-26,0.284323376380451,0.594,0.551,2.36464179931037e-22,"2","AMD1"
"JMJD1C",2.46059775600134e-23,0.257424820814068,0.425,0.366,5.22975447060524e-19,"2","JMJD1C"
"DNAJB6",6.34054977582137e-22,0.269557794340395,0.51,0.462,1.34762044935307e-17,"2","DNAJB6"
"RGS2",4.01263858147257e-14,0.281392919208108,0.361,0.317,8.5284620410618e-10,"2","RGS2"
"PTGDS",0,4.17023710816317,1,0.058,0,"3","PTGDS"
"GZMB1",0,1.94881498337861,0.966,0.28,0,"3","GZMB"
"FGFBP21",0,1.89841600138604,0.939,0.258,0,"3","FGFBP2"
"PRF11",0,1.62191071101388,0.905,0.252,0,"3","PRF1"
"FCGR3A1",0,1.45744931544322,0.822,0.174,0,"3","FCGR3A"
"MYOM2",2.10368933267174e-305,1.83610485609554,0.657,0.124,4.47118130766051e-301,"3","MYOM2"
"KLRF11",5.43478861016272e-301,1.09102620685441,0.705,0.137,1.15510997120399e-296,"3","KLRF1"
"SPON21",5.22231626049487e-281,1.53877224487419,0.769,0.191,1.10995109800558e-276,"3","SPON2"
"KLRD11",5.58253008514505e-264,1.36780538722323,0.883,0.259,1.18651094429673e-259,"3","KLRD1"
"TYROBP2",4.70429476767349e-261,1.62400464166758,0.911,0.318,9.99850809921323e-257,"3","TYROBP"
"NKG71",9.48046985794857e-243,1.91024010158625,1,0.539,2.01497906360839e-238,"3","NKG7"
"GNLY1",6.7779028669873e-237,2.31518039761603,0.949,0.433,1.44057547534948e-232,"3","GNLY"
"CST71",3.88812273679199e-229,1.58046839356341,0.972,0.45,8.26381606477769e-225,"3","CST7"
"TRDC1",5.31181022187598e-213,0.956929789710879,0.693,0.163,1.12897214455752e-208,"3","TRDC"
"EFHD21",3.80050582707296e-204,1.3123531606215,0.926,0.419,8.07759508486088e-200,"3","EFHD2"
"GZMA1",1.13567926006301e-192,1.45713144899174,0.956,0.44,2.41377269933792e-188,"3","GZMA"
"CD2471",7.15839969245048e-190,1.34568523968554,0.945,0.572,1.52144627063343e-185,"3","CD247"
"PRSS23",6.220079788354e-183,0.625442016060198,0.455,0.087,1.32201575821676e-178,"3","PRSS23"
"HOPX1",5.45423434812368e-180,1.20586748852974,0.811,0.293,1.15924296835021e-175,"3","HOPX"
"CTSW1",8.95565452547681e-179,1.29041603527647,0.938,0.478,1.90343481284484e-174,"3","CTSW"
"GZMH1",1.20038778938829e-175,1.15530892739254,0.9,0.313,2.55130420756588e-171,"3","GZMH"
"IGFBP71",1.45254165581249e-166,0.815168142897488,0.472,0.103,3.08723203526387e-162,"3","IGFBP7"
"FCER1G1",7.91837688361836e-166,1.31661017353237,0.64,0.195,1.68297182284425e-161,"3","FCER1G"
"LINC00299",6.11302676368965e-164,0.421587149524548,0.267,0.035,1.2992627083546e-159,"3","LINC00299"
"SH2D1B",7.00940057437839e-162,0.424642702882551,0.273,0.037,1.48977799807838e-157,"3","SH2D1B"
"B2M1",1.20580925653615e-158,0.765289633957701,1,1,2.56282699384194e-154,"3","B2M"
"CYBA1",4.36168386823788e-152,1.05433185555644,1,0.89,9.27032289355279e-148,"3","CYBA"
"ADGRG1",1.54394517818414e-150,0.625361880260908,0.489,0.115,3.28150108171258e-146,"3","ADGRG1"
"AKR1C3",1.42147237743936e-141,0.533698593103825,0.345,0.065,3.02119739100962e-137,"3","AKR1C3"
"CCL41",1.06097834623311e-139,1.74544898797179,0.792,0.325,2.25500337708385e-135,"3","CCL4"
"IFITM21",5.72982998786447e-136,1.06682676481473,0.989,0.838,1.21781806562072e-131,"3","IFITM2"
"S1PR5",3.17181171601719e-132,0.596061884742654,0.453,0.112,6.74136862122293e-128,"3","S1PR5"
"HLA-C1",1.09859099528418e-131,0.842708702277258,1,0.994,2.334945301377e-127,"3","HLA-C"
"HLA-B1",1.00656028397133e-130,0.756728324550906,1,0.996,2.13934322755266e-126,"3","HLA-B"
"TTC38",1.22872544184606e-129,0.520665930907176,0.407,0.093,2.61153305409962e-125,"3","TTC38"
"CCL51",1.56162827903386e-126,1.35634690467899,0.945,0.567,3.31908474425857e-122,"3","CCL5"
"ITGB21",5.15422825104098e-117,0.967549426847434,0.907,0.611,1.09547967247625e-112,"3","ITGB2"
"RHOC1",8.99370434891058e-111,0.612550996921452,0.504,0.154,1.91152192231745e-106,"3","RHOC"
"HLA-A1",9.95328772115528e-110,0.722060635689208,1,0.994,2.11547177225434e-105,"3","HLA-A"
"METRNL1",1.70158487205873e-109,0.701589005435937,0.591,0.206,3.61654848707362e-105,"3","METRNL"
"ABHD17A1",1.61178003188293e-107,0.861924671148888,0.841,0.495,3.42567727976398e-103,"3","ABHD17A"
"PLEK2",1.71346626083274e-103,0.810044420075892,0.697,0.292,3.64180119077392e-99,"3","PLEK"
"LGALS12",6.11913405015063e-103,1.13026805912035,0.837,0.463,1.30056075101902e-98,"3","LGALS1"
"HCST1",6.18420952498651e-103,0.850124851338026,0.996,0.872,1.31439189244063e-98,"3","HCST"
"CLIC31",2.21164405144978e-102,0.794638885125751,0.517,0.168,4.70062826695136e-98,"3","CLIC3"
"ZEB22",1.82240497366261e-100,0.790107372673733,0.708,0.304,3.87333953102251e-96,"3","ZEB2"
"NCR31",1.85356921634465e-99,0.5894077580544,0.458,0.141,3.93957601241892e-95,"3","NCR3"
"GZMM1",2.92674857712159e-99,0.85656921647362,0.884,0.607,6.22051142581424e-95,"3","GZMM"
"PFN11",1.18088510249463e-98,0.794304345729834,1,0.966,2.50985319684208e-94,"3","PFN1"
"ASCL2",5.1514405695346e-95,0.367909392111692,0.258,0.051,1.09488717864888e-90,"3","ASCL2"
"CFL11",7.92592224905404e-95,0.692820426224769,0.994,0.959,1.68457551481395e-90,"3","CFL1"
"UBB1",3.94953378287189e-93,0.746160922364048,0.994,0.936,8.39433910211591e-89,"3","UBB"
"MATK1",2.33420568533853e-92,0.642345244429051,0.591,0.23,4.96112076361851e-88,"3","MATK"
"CX3CR1",1.01143044420876e-90,0.4005478630865,0.267,0.056,2.14969426612129e-86,"3","CX3CR1"
"C1orf211",1.52622366513813e-90,0.479162954822435,0.464,0.145,3.24383577788459e-86,"3","C1orf21"
"CD632",1.70827756445341e-90,0.82499213434864,0.782,0.431,3.63077313548928e-86,"3","CD63"
"CCL32",5.15193541257447e-90,1.46495608256296,0.595,0.255,1.09499235258858e-85,"3","CCL3"
"KLRB11",1.51952442829486e-86,0.774781703857592,0.716,0.311,3.22959721989789e-82,"3","KLRB1"
"S100A41",1.88491052537772e-85,0.820174912006743,0.998,0.878,4.00618883063781e-81,"3","S100A4"
"ARPC21",4.6991387810923e-85,0.708282839462121,0.968,0.859,9.98754956533358e-81,"3","ARPC2"
"APMAP1",8.97601884919971e-83,0.602785452374611,0.538,0.213,1.90776304620891e-78,"3","APMAP"
"PTGDR",1.95170932185874e-81,0.362188963408721,0.292,0.071,4.14816299267856e-77,"3","PTGDR"
"FCRL6",7.02732761145925e-81,0.476307708133261,0.379,0.113,1.49358821053955e-76,"3","FCRL6"
"GNPTAB1",2.97518862200486e-79,0.583732961958346,0.527,0.205,6.32346589720913e-75,"3","GNPTAB"
"TMSB4X1",3.88458577767944e-77,0.480780173346647,1,1,8.25629861187988e-73,"3","TMSB4X"
"ACTB1",4.32755361300599e-77,0.745279605209753,1,0.993,9.19778244908294e-73,"3","ACTB"
"KLRC3",2.91980798425401e-76,0.438677387035552,0.328,0.09,6.20575988973347e-72,"3","KLRC3"
"CTBP2",5.54549184364734e-76,0.314906437287071,0.263,0.063,1.17863883644881e-71,"3","CTBP2"
"PYHIN11",2.77888040051551e-74,0.583626156160169,0.566,0.237,5.90623240325567e-70,"3","PYHIN1"
"HLA-E1",1.89847605831053e-73,0.576654910141774,1,0.984,4.03502101433319e-69,"3","HLA-E"
"IL2RB1",2.03508881411112e-73,0.570124865752408,0.453,0.165,4.32537776551177e-69,"3","IL2RB"
"PTPN12",1.14017698298889e-72,0.458258697359264,0.411,0.139,2.4233321596446e-68,"3","PTPN12"
"CTSD1",1.72815261806683e-72,0.680299817603993,0.64,0.321,3.67301557443924e-68,"3","CTSD"
"CALM11",1.13734856489819e-71,0.553751064786895,0.998,0.986,2.41732063983461e-67,"3","CALM1"
"SERF21",1.17571439455623e-71,0.530998081539448,1,0.988,2.49886337418981e-67,"3","SERF2"
"ARL4C1",1.64066534738574e-71,0.691883584402879,0.966,0.857,3.48707012933364e-67,"3","ARL4C"
"PLAC81",5.76116011434235e-71,0.752582649104296,0.797,0.546,1.22447697070232e-66,"3","PLAC8"
"TLE1",4.08277810666279e-69,0.358039603625014,0.269,0.069,8.67753658790109e-65,"3","TLE1"
"LCP11",2.66012057588852e-68,0.715252794301539,0.877,0.66,5.65382027199346e-64,"3","LCP1"
"CD160",5.17358936407267e-67,0.449350109007065,0.288,0.08,1.09959468344e-62,"3","CD160"
"CD300A",7.79114711239739e-67,0.457101597604507,0.386,0.132,1.65593040726894e-62,"3","CD300A"
"MYL61",2.00493726994509e-65,0.562515686832177,0.987,0.92,4.26129367354129e-61,"3","MYL6"
"SYNE11",4.01720375762134e-64,0.656037074495116,0.625,0.31,8.53816486644839e-60,"3","SYNE1"
"IGF2R",5.41184714609972e-62,0.468383616972384,0.409,0.152,1.15023399243204e-57,"3","IGF2R"
"PLAAT3",5.9361707167481e-62,0.366568010541652,0.35,0.116,1.26167372413764e-57,"3","PLAAT3"
"IFNG1",1.11066718358904e-61,1.10732703472265,0.392,0.142,2.36061203200014e-57,"3","IFNG"
"TBX211",1.63317090853784e-61,0.387951664900311,0.367,0.126,3.47114144900632e-57,"3","TBX21"
"DBI2",2.6693296651373e-61,0.65933955339666,0.79,0.546,5.67339327028281e-57,"3","DBI"
"SEPTIN71",1.33267015666097e-59,0.578703795401606,0.917,0.801,2.83245715096723e-55,"3","SEPTIN7"
"SH3BGRL31",2.03402045994527e-59,0.589585692571933,0.996,0.965,4.32310708556768e-55,"3","SH3BGRL3"
"DSTN1",2.37432851608406e-59,0.662664708550442,0.682,0.403,5.04639782808506e-55,"3","DSTN"
"LAIR2",2.87979262475267e-59,0.630536155669457,0.331,0.111,6.12071124464932e-55,"3","LAIR2"
"SLC15A4",1.51064492017158e-58,0.325672790404586,0.278,0.082,3.21072471333269e-54,"3","SLC15A4"
"ALOX5AP",5.1112025153562e-58,0.600163361894724,0.525,0.248,1.08633498261381e-53,"3","ALOX5AP"
"TPST21",5.52457526568857e-58,0.402465500368442,0.417,0.162,1.17419322696945e-53,"3","TPST2"
"XCL21",9.20243299180555e-58,0.58582564000943,0.35,0.121,1.95588510807835e-53,"3","XCL2"
"OSTF11",9.36210199466259e-58,0.560847537062429,0.608,0.323,1.98982115794559e-53,"3","OSTF1"
"CLIC12",9.74639381814031e-58,0.673116938856581,0.835,0.62,2.07149854210754e-53,"3","CLIC1"
"GNG21",2.60557507397354e-57,0.586440520562436,0.631,0.342,5.53788926222337e-53,"3","GNG2"
"DHRS71",3.79505298105011e-56,0.606942308785251,0.648,0.37,8.0660056059239e-52,"3","DHRS7"
"C12orf751",4.69848667064555e-56,0.564073793121372,0.667,0.366,9.98616356979006e-52,"3","C12orf75"
"ABI3",7.04684731710647e-56,0.319679736503703,0.263,0.077,1.49773692877781e-51,"3","ABI3"
"SYNGR1",1.8897394790268e-55,0.407834905515133,0.345,0.121,4.01645228872356e-51,"3","SYNGR1"
"ITGAM",2.21123024646592e-55,0.323841858886865,0.261,0.076,4.69974876583867e-51,"3","ITGAM"
"CD992",2.33605082788017e-55,0.549580901169026,0.884,0.666,4.96504242957651e-51,"3","CD99"
"GTF3C1",3.11658387594763e-55,0.446694289225313,0.362,0.133,6.6239873699391e-51,"3","GTF3C1"
"LPCAT1",1.8401088768259e-54,0.309695048392176,0.286,0.089,3.91096740680578e-50,"3","LPCAT1"
"ZBTB16",3.04017156430131e-54,0.294820996824814,0.267,0.079,6.46158064276601e-50,"3","ZBTB16"
"MSN1",3.34455121091677e-54,0.67030237886377,0.723,0.471,7.10850914368249e-50,"3","MSN"
"JAK11",1.26498619059496e-53,0.633900247017393,0.864,0.69,2.68860164949052e-49,"3","JAK1"
"MAP3K82",6.41918558061471e-53,0.560779925514017,0.54,0.26,1.36433370330385e-48,"3","MAP3K8"
"KLRK11",1.37445819532193e-52,0.517767414837541,0.564,0.274,2.92127344833724e-48,"3","KLRK1"
"ITGAL1",2.72870176566217e-52,0.506301205374552,0.562,0.285,5.79958273273838e-48,"3","ITGAL"
"CTSC1",4.16402571082954e-52,0.570794635027438,0.602,0.328,8.8502202457971e-48,"3","CTSC"
"LITAF1",9.50708191496717e-51,0.586926615620914,0.792,0.582,2.02063519020712e-46,"3","LITAF"
"CHST121",1.15364816406346e-50,0.371158005245624,0.4,0.159,2.45196380790048e-46,"3","CHST12"
"CEP78",7.21765075602845e-50,0.391849353529151,0.331,0.12,1.53403949168629e-45,"3","CEP78"
"JAZF1",1.64196183977876e-49,0.300497883277823,0.28,0.091,3.48982569426577e-45,"3","JAZF1"
"SLAMF7",4.07643704059003e-49,0.308823293886332,0.28,0.091,8.66405928607005e-45,"3","SLAMF7"
"GSTP12",2.2680248614727e-47,0.547425933722365,0.778,0.564,4.82046004057408e-43,"3","GSTP1"
"AOAH",2.72570859988111e-47,0.307984889123057,0.265,0.086,5.79322105818731e-43,"3","AOAH"
"SRGN2",2.89641000313807e-47,0.535488683791175,0.981,0.913,6.15602982066965e-43,"3","SRGN"
"MYL12B1",1.40967526225776e-46,0.46668699094068,0.945,0.865,2.99612380240265e-42,"3","MYL12B"
"PDIA31",2.26364925084067e-46,0.611571802829566,0.763,0.565,4.81116011773675e-42,"3","PDIA3"
"IL2RG1",4.33835988104453e-46,0.575309863173336,0.85,0.678,9.22075009117204e-42,"3","IL2RG"
"MYL12A1",6.55625164014399e-46,0.513197595810382,0.985,0.942,1.3934657235962e-41,"3","MYL12A"
"LYN1",9.64171873917751e-46,0.34260487490899,0.295,0.104,2.04925090082479e-41,"3","LYN"
"RAP1B1",2.70420757434082e-45,0.559207274003946,0.826,0.673,5.74752277850399e-41,"3","RAP1B"
"CD71",7.32155870261486e-45,0.667707586462456,0.748,0.553,1.55612408665376e-40,"3","CD7"
"TFDP2",7.94214207143943e-45,0.428074478983562,0.464,0.219,1.68802287586374e-40,"3","TFDP2"
"RAC21",2.63523672482501e-44,0.526252212490547,0.866,0.721,5.60093213494308e-40,"3","RAC2"
"TLN11",1.14311593686289e-43,0.539111173551162,0.661,0.414,2.42957861220838e-39,"3","TLN1"
"ID21",1.99173866825334e-43,0.593614252192449,0.867,0.668,4.23324136550565e-39,"3","ID2"
"CD811",6.57652279316213e-43,0.524181646208422,0.716,0.474,1.39777415445868e-38,"3","CD81"
"CAST1",1.54895600148765e-42,0.583327968922248,0.708,0.482,3.29215108556185e-38,"3","CAST"
"SCP2",2.08670816429271e-42,0.42838533255906,0.545,0.296,4.43508953238773e-38,"3","SCP2"
"CD531",5.26164775345406e-42,0.550674866482516,0.737,0.537,1.11831061351913e-37,"3","CD53"
"PSME11",1.21679271356269e-41,0.482186754679253,0.92,0.841,2.58617123340615e-37,"3","PSME1"
"MYBL11",1.86455678565201e-41,0.407620466631867,0.394,0.173,3.96292899222479e-37,"3","MYBL1"
"F2R",7.63495753193818e-41,0.292589873300015,0.261,0.091,1.62273387383814e-36,"3","F2R"
"RUNX31",1.19091968487085e-40,0.510898987921468,0.678,0.412,2.5311806982245e-36,"3","RUNX3"
"BHLHE401",1.85881242881576e-40,0.512186680428185,0.559,0.301,3.95071993620502e-36,"3","BHLHE40"
"SAMD31",1.39399747596537e-39,0.452149384596518,0.587,0.328,2.96280223541679e-35,"3","SAMD3"
"FLNA1",2.22473618604973e-39,0.514785688839516,0.678,0.436,4.7284542898301e-35,"3","FLNA"
"CDK2AP2",3.16637048139369e-39,0.431318718616966,0.426,0.206,6.72980382115414e-35,"3","CDK2AP2"
"AC092821.3",7.04793900922054e-39,0.417559477296581,0.453,0.227,1.49796895701973e-34,"3","AC092821.3"
"NDUFB2",1.08561279512233e-38,0.523757288761286,0.765,0.577,2.30736143475301e-34,"3","NDUFB2"
"S100A61",6.65151914099176e-38,0.448469253010114,0.983,0.941,1.41371387822639e-33,"3","S100A6"
"IER21",1.73405210386032e-37,0.733485647727176,0.951,0.862,3.68555434154473e-33,"3","IER2"
"UBC1",3.6704183272026e-37,0.33727597261016,0.998,0.991,7.80110711263641e-33,"3","UBC"
"IQGAP11",3.71693275527851e-37,0.489017525839324,0.727,0.511,7.89996887806895e-33,"3","IQGAP1"
"EMP31",1.4737508990651e-36,0.535467014213469,0.892,0.789,3.13231016087296e-32,"3","EMP3"
"TNFRSF1B1",1.88412588553337e-36,0.359211697339536,0.43,0.208,4.00452115711262e-32,"3","TNFRSF1B"
"PREX1",2.57042155850598e-36,0.383001383421437,0.46,0.234,5.46317398044861e-32,"3","PREX1"
"HIPK2",3.60059396728328e-36,0.336034464726112,0.299,0.122,7.65270241806388e-32,"3","HIPK2"
"NDUFB71",4.72035844947154e-36,0.472715420877612,0.638,0.427,1.00326498485068e-31,"3","NDUFB7"
"TGFB11",1.46256374756786e-35,0.471756691850437,0.695,0.484,3.10853298908072e-31,"3","TGFB1"
"TPM31",1.67187247299995e-35,0.461233247631586,0.903,0.831,3.55339775411408e-31,"3","TPM3"
"PLAAT41",2.39736987458159e-35,0.504653826728457,0.767,0.604,5.09536993143571e-31,"3","PLAAT4"
"RAB5IF1",2.46270264655565e-35,0.454471987410775,0.559,0.326,5.23422820498939e-31,"3","RAB5IF"
"RNF2131",6.37632509220534e-35,0.513967398390625,0.75,0.574,1.35522413509732e-30,"3","RNF213"
"GLIPR2",3.49886694320666e-34,0.360614664802783,0.43,0.216,7.43649180109143e-30,"3","GLIPR2"
"CD226",5.4622482068749e-34,0.299043766164977,0.326,0.14,1.16094623388919e-29,"3","CD226"
"BIN21",1.21196926224331e-33,0.475085280371803,0.697,0.511,2.57591946997194e-29,"3","BIN2"
"CARD16",1.41272953394573e-33,0.409947424885041,0.559,0.329,3.00261535144825e-29,"3","CARD16"
"STOM",1.9471446148971e-33,0.302262937283131,0.366,0.169,4.13846116450229e-29,"3","STOM"
"DOK21",3.35265982336552e-33,0.419888594046959,0.483,0.27,7.12574318858107e-29,"3","DOK2"
"THEMIS2",4.32114368551596e-33,0.256706608141808,0.252,0.096,9.18415878919561e-29,"3","THEMIS2"
"CISD3",7.57336763618978e-33,0.292532343310664,0.326,0.144,1.60964355739578e-28,"3","CISD3"
"ADAM8",1.42314896936794e-32,0.284941611145403,0.28,0.116,3.02476081949462e-28,"3","ADAM8"
"ACTG11",3.6933554260108e-32,0.461294875065717,0.992,0.96,7.84985762244336e-28,"3","ACTG1"
"ARPC31",7.24618700899669e-32,0.402579413697173,0.93,0.878,1.54010458689216e-27,"3","ARPC3"
"HSH2D1",9.38736031384189e-32,0.271652099339655,0.328,0.144,1.99518956110396e-27,"3","HSH2D"
"PPIB1",9.45228810384939e-32,0.451733271056731,0.843,0.747,2.00898931359215e-27,"3","PPIB"
"LSP11",2.04785443773531e-31,0.427450357370202,0.741,0.545,4.35250982196263e-27,"3","LSP1"
"C5orf561",3.61022418277414e-31,0.361416286982368,0.428,0.226,7.67317047806817e-27,"3","C5orf56"
"HLA-F1",4.88196185344218e-31,0.453377723403003,0.792,0.66,1.0376121723306e-26,"3","HLA-F"
"CALR2",9.64476214669674e-31,0.518662611617595,0.725,0.568,2.04989774665892e-26,"3","CALR"
"TGFBR31",1.39676010271316e-30,0.314746877521761,0.312,0.14,2.96867392230656e-26,"3","TGFBR3"
"RBM391",1.46315720595012e-30,0.416174735454991,0.958,0.907,3.10979432552639e-26,"3","RBM39"
"PTPN4",1.50642755631435e-30,0.346802874467095,0.438,0.232,3.20176112819051e-26,"3","PTPN4"
"AGTRAP",1.60377744943338e-30,0.301358744325877,0.35,0.166,3.4086685910257e-26,"3","AGTRAP"
"FAM49B1",1.62224375547167e-30,0.45619022117391,0.593,0.393,3.44791687787949e-26,"3","FAM49B"
"MAFF",2.34427940948909e-30,0.343685250925517,0.328,0.15,4.98253145692811e-26,"3","MAFF"
"UBE2F",2.6611550773308e-30,0.306663416796547,0.362,0.177,5.65601900135888e-26,"3","UBE2F"
"GPR651",3.20349484991042e-30,0.349404797875147,0.436,0.231,6.80870795399961e-26,"3","GPR65"
"IFITM11",5.46292598348135e-30,0.484088944788275,0.795,0.676,1.16109028852913e-25,"3","IFITM1"
"PPP2R5C1",1.0320050049153e-29,0.403157571510938,0.826,0.67,2.19342343744698e-25,"3","PPP2R5C"
"HSP90B11",1.05910682497148e-29,0.469189726961294,0.767,0.605,2.25102564579439e-25,"3","HSP90B1"
"APOBEC3G1",1.19120275156722e-29,0.353860851385627,0.428,0.226,2.53178232818097e-25,"3","APOBEC3G"
"SDF4",1.18928281921107e-28,0.325431645323278,0.411,0.22,2.52770170395121e-24,"3","SDF4"
"SRP141",3.46994967801822e-28,0.309901569147968,0.979,0.962,7.37503104565993e-24,"3","SRP14"
"PTPN18",6.00927978113094e-28,0.276485988688195,0.318,0.15,1.27721232468157e-23,"3","PTPN18"
"SYTL31",6.10258189609096e-28,0.345401708320536,0.407,0.217,1.29704275619517e-23,"3","SYTL3"
"SUN21",1.38524045569086e-27,0.411248909025247,0.587,0.398,2.94419006452535e-23,"3","SUN2"
"MYO1F1",1.50976522390905e-27,0.28582162507126,0.407,0.21,3.2088550068963e-23,"3","MYO1F"
"ACTN41",1.52882514366535e-27,0.342997626471492,0.409,0.219,3.24936496034633e-23,"3","ACTN4"
"BSG",3.22984675057902e-27,0.360610972491245,0.485,0.29,6.86471628368065e-23,"3","BSG"
"SCLT1",7.03793098641385e-27,0.291467205042078,0.28,0.126,1.4958418518524e-22,"3","SCLT1"
"CCL4L2",7.10773094783915e-27,0.930109807148068,0.267,0.118,1.51067713565373e-22,"3","CCL4L2"
"MAPK1",1.59589473527822e-26,0.323529924644263,0.362,0.186,3.39191467036032e-22,"3","MAPK1"
"SSBP3",2.45022016134983e-26,0.308092066383787,0.394,0.211,5.20769793093294e-22,"3","SSBP3"
"MAP1LC3B1",1.51417173196483e-25,0.390815859883818,0.659,0.482,3.21822059911806e-21,"3","MAP1LC3B"
"H3F3A1",1.64874947241888e-25,0.303582726456284,0.989,0.975,3.50425212867909e-21,"3","H3F3A"
"PIP4K2A1",1.69442709597543e-25,0.416080114094044,0.564,0.386,3.60133534978619e-21,"3","PIP4K2A"
"ARPC5L1",2.65203904759278e-25,0.371057907703525,0.547,0.353,5.63664379175369e-21,"3","ARPC5L"
"RAB8B1",4.61136833398138e-25,0.353416054547219,0.434,0.247,9.80100225704403e-21,"3","RAB8B"
"TCF251",6.3468613031249e-25,0.407933594692612,0.68,0.502,1.34896190136617e-20,"3","TCF25"
"MBP1",8.08504546054481e-25,0.46473098241076,0.642,0.487,1.71839556218419e-20,"3","MBP"
"SYNE21",8.80871810411181e-25,0.423857990058334,0.682,0.485,1.87220494584792e-20,"3","SYNE2"
"EBP",1.89252378430453e-24,0.267404168813454,0.345,0.178,4.02237005116084e-20,"3","EBP"
"POMP1",3.87484259759101e-24,0.362767211609217,0.64,0.452,8.23559045691994e-20,"3","POMP"
"RASSF1",4.22941992480234e-24,0.308180863254526,0.392,0.219,8.9892091081749e-20,"3","RASSF1"
"PSMB10",1.58006755874258e-23,0.387474562971912,0.572,0.401,3.35827558935148e-19,"3","PSMB10"
"PPP1CA",3.1965389900352e-23,0.357384216567908,0.591,0.415,6.79392396942081e-19,"3","PPP1CA"
"ZFP361",3.26002821524031e-23,0.406010608285758,0.924,0.817,6.92886396867175e-19,"3","ZFP36"
"SPN1",3.99938646586422e-23,0.33960064651357,0.456,0.274,8.50029599454782e-19,"3","SPN"
"GLRX",1.00053649111287e-22,0.315048534363107,0.439,0.261,2.12654025821129e-18,"3","GLRX"
"ELOB1",1.21640057170274e-22,0.331832462009497,0.862,0.8,2.585337775097e-18,"3","ELOB"
"PTPRA",1.79718915427227e-22,0.384529735790378,0.527,0.351,3.81974582849029e-18,"3","PTPRA"
"AC004687.1",2.76570812250989e-22,0.284251889717058,0.341,0.179,5.87823604358253e-18,"3","AC004687.1"
"SPCS2",2.79370993001787e-22,0.334616994435835,0.578,0.397,5.93775108525999e-18,"3","SPCS2"
"RHOA1",4.63684325492236e-22,0.361334144119645,0.788,0.686,9.85514665401198e-18,"3","RHOA"
"PRDM11",6.22080488148776e-22,0.295934283467932,0.384,0.213,1.32216986951141e-17,"3","PRDM1"
"TXK",1.50305635469292e-21,0.292360293432863,0.322,0.17,3.19459597626434e-17,"3","TXK"
"PDIA6",1.84723231487507e-21,0.316778852449521,0.436,0.265,3.92610756203548e-17,"3","PDIA6"
"UTRN1",2.05713828829035e-21,0.3915545502779,0.509,0.333,4.37224171793231e-17,"3","UTRN"
"NFKBIA1",2.52683702294233e-21,0.64047874584259,0.951,0.931,5.37053940856164e-17,"3","NFKBIA"
"BST2",3.96615144718413e-21,0.359090740354406,0.509,0.347,8.42965828584514e-17,"3","BST2"
"PTPRC1",6.09586774856465e-21,0.311610856397776,0.953,0.915,1.29561573127993e-16,"3","PTPRC"
"IFITM31",8.41753237531332e-21,0.365173695994824,0.347,0.195,1.78906233104909e-16,"3","IFITM3"
"IRF11",8.59969747389083e-21,0.42620770498985,0.833,0.706,1.82777970110076e-16,"3","IRF1"
"PPP1R18",9.16482147216551e-21,0.28864665373962,0.398,0.234,1.94789115569406e-16,"3","PPP1R18"
"GAPDH2",1.38658897596542e-20,0.25254674210965,0.966,0.921,2.9470562095169e-16,"3","GAPDH"
"CEBPB",1.49397032484054e-20,0.376970141365118,0.534,0.363,3.17528452841609e-16,"3","CEBPB"
"HNRNPA2B1",1.52492602967652e-20,0.288291631712239,0.951,0.917,3.24107778347447e-16,"3","HNRNPA2B1"
"ARPC5",2.95740853106975e-20,0.371561194281302,0.65,0.504,6.28567609193565e-16,"3","ARPC5"
"COX8A",3.50746260940533e-20,0.350991015363844,0.741,0.637,7.45476103003009e-16,"3","COX8A"
"SLC9A3R11",4.04069891112144e-20,0.288720336235645,0.436,0.266,8.58810146569751e-16,"3","SLC9A3R1"
"SELPLG",8.38155574863426e-20,0.26254590793662,0.358,0.202,1.78141585881472e-15,"3","SELPLG"
"PSAP1",8.4482997487286e-20,0.286881610765504,0.521,0.342,1.79560162859478e-15,"3","PSAP"
"ATOX1",8.66658482924847e-20,0.268579534235494,0.316,0.171,1.84199593960847e-15,"3","ATOX1"
"CDC42",9.51744593671114e-20,0.282088377669549,0.956,0.945,2.02283795938859e-15,"3","CDC42"
"RNF1661",1.95160078311649e-19,0.28793503002485,0.496,0.326,4.14793230443578e-15,"3","RNF166"
"ITGB7",2.40228807927836e-19,0.291988320636926,0.352,0.204,5.10582308369823e-15,"3","ITGB7"
"RNASEK",4.42967353063177e-19,0.337314076798589,0.818,0.729,9.41482812200476e-15,"3","RNASEK"
"SDF2L1",5.99911034576964e-19,0.294982165375642,0.367,0.217,1.27505091288988e-14,"3","SDF2L1"
"PRDX5",6.17294113802436e-19,0.356821153239915,0.551,0.403,1.3119969094757e-14,"3","PRDX5"
"SERTAD11",6.17501607501262e-19,0.376116663579043,0.551,0.392,1.31243791658318e-14,"3","SERTAD1"
"P4HB",7.79006733448548e-19,0.302832343729003,0.489,0.329,1.65570091127154e-14,"3","P4HB"
"ZAP70",9.80829947048424e-19,0.254669738792972,0.364,0.212,2.08465596945672e-14,"3","ZAP70"
"CLEC2B1",1.9064582446915e-18,0.344574800098734,0.718,0.576,4.05198635326731e-14,"3","CLEC2B"
"TRBC1",3.97970603318036e-18,0.35425201332235,0.725,0.571,8.45846720292153e-14,"3","TRBC1"
"PPIA",4.88665487497465e-18,0.254517041097615,0.977,0.955,1.03860962712711e-13,"3","PPIA"
"TMCO1",6.03653193010884e-18,0.29633391347052,0.426,0.273,1.28300449642533e-13,"3","TMCO1"
"RGS21",1.29043662055483e-17,0.339965992093434,0.477,0.319,2.74269399332724e-13,"3","RGS2"
"CHCHD2",1.52198150969612e-17,0.290278030437137,0.898,0.864,3.23481950070813e-13,"3","CHCHD2"
"APOL6",1.88598920482885e-17,0.312219232882624,0.43,0.278,4.00848145594324e-13,"3","APOL6"
"PTPRE1",2.22668461436391e-17,0.272138091229743,0.343,0.201,4.73259547936906e-13,"3","PTPRE"
"YWHAZ1",2.54078286238318e-17,0.304362442177773,0.894,0.848,5.4001798957092e-13,"3","YWHAZ"
"NDUFC2",3.45957552541885e-17,0.283807306062537,0.566,0.4,7.35298182172522e-13,"3","NDUFC2"
"POLR3GL",3.94635601716625e-17,0.262908447639081,0.477,0.317,8.38758507888515e-13,"3","POLR3GL"
"HSPA51",5.79476970633871e-17,0.40638557170413,0.773,0.693,1.23162035338523e-12,"3","HSPA5"
"ARHGDIB",6.67100559612319e-17,0.252689321689928,0.973,0.941,1.41785552940002e-12,"3","ARHGDIB"
"TMED9",6.84814637980652e-17,0.2533580872754,0.445,0.291,1.45550503156408e-12,"3","TMED9"
"POLR2L",7.92978873019752e-17,0.344158016986508,0.71,0.602,1.68539729671618e-12,"3","POLR2L"
"CMC11",1.08745327134747e-16,0.293157638061143,0.413,0.254,2.31127318292192e-12,"3","CMC1"
"EVL",1.18444264596852e-16,0.305100294612855,0.759,0.652,2.5174143997415e-12,"3","EVL"
"AKAP131",1.67568373715233e-16,0.337585537884225,0.636,0.505,3.56149821494356e-12,"3","AKAP13"
"CD164",1.94627814573349e-16,0.300568202982416,0.521,0.374,4.13661957094195e-12,"3","CD164"
"ARPC4",1.99042548920284e-16,0.316294860275382,0.578,0.443,4.23045033475171e-12,"3","ARPC4"
"HNRNPDL",3.09615966359309e-16,0.281480528715511,0.926,0.913,6.58057774900076e-12,"3","HNRNPDL"
"BZW11",3.95182399717035e-16,0.342861215730632,0.665,0.537,8.39920672358587e-12,"3","BZW1"
"PSME2",4.04784093190379e-16,0.366556668509938,0.644,0.535,8.60328111666831e-12,"3","PSME2"
"PRELID1",6.57785094551351e-16,0.329010474959598,0.544,0.407,1.39805643995944e-11,"3","PRELID1"
"CAP1",6.96006973970952e-16,0.329105966913621,0.557,0.416,1.47929322247786e-11,"3","CAP1"
"ARAP21",7.64631500349731e-16,0.286009075676069,0.341,0.206,1.62514779084332e-11,"3","ARAP2"
"LINC018711",8.08881341974155e-16,0.258250623451284,0.369,0.22,1.71919640423187e-11,"3","LINC01871"
"FKBP111",9.905228008336e-16,0.331734922790842,0.445,0.303,2.10525716089173e-11,"3","FKBP11"
"LAMP1",1.1180418676015e-15,0.290519047373799,0.468,0.327,2.37628618540023e-11,"3","LAMP1"
"UCP2",1.1797751488063e-15,0.343355149859556,0.513,0.376,2.5074941012729e-11,"3","UCP2"
"VAMP81",1.33218883921324e-15,0.285191603485301,0.634,0.494,2.83143415886383e-11,"3","VAMP8"
"DIP2A",1.70214685463957e-15,0.26053467409789,0.309,0.179,3.61774292485094e-11,"3","DIP2A"
"CAPNS1",1.81366711412814e-15,0.298575435886422,0.443,0.303,3.85476808436796e-11,"3","CAPNS1"
"HMGB11",2.01815482409897e-15,0.25098593028072,0.968,0.944,4.28938626313995e-11,"3","HMGB1"
"PMAIP11",2.92690757746994e-15,0.549577419579804,0.494,0.349,6.22084936515461e-11,"3","PMAIP1"
"AHNAK1",3.09146397450947e-15,0.250497097750706,0.672,0.501,6.57059753142243e-11,"3","AHNAK"
"IQGAP21",3.3269526032062e-15,0.289151250690479,0.466,0.319,7.07110506285446e-11,"3","IQGAP2"
"ACTR2",3.85114282649654e-15,0.331267879477422,0.663,0.549,8.18521896343574e-11,"3","ACTR2"
"ARF6",4.84326023483674e-15,0.259463654239071,0.602,0.455,1.0293865303122e-10,"3","ARF6"
"HSP90AA11",1.2832112587763e-14,0.263054496750418,0.958,0.92,2.72733720940315e-10,"3","HSP90AA1"
"TES",1.29480664998053e-14,0.291241485721074,0.417,0.281,2.75198205386862e-10,"3","TES"
"TPI1",1.30417679888585e-14,0.297442307850415,0.58,0.449,2.77189736835199e-10,"3","TPI1"
"SKAP1",1.69413860563824e-14,0.267042271280679,0.506,0.358,3.60072219242352e-10,"3","SKAP1"
"SELENOW",3.67703531707675e-14,0.274828672983266,0.633,0.513,7.81517086291492e-10,"3","SELENOW"
"BTN3A2",2.45812831312023e-13,0.250879859843918,0.449,0.306,5.22450591670574e-09,"3","BTN3A2"
"ANXA6",3.39377727934366e-13,0.2674228889453,0.472,0.341,7.21313422951701e-09,"3","ANXA6"
"COPE",3.73947426534132e-13,0.251670226261451,0.568,0.444,7.94787860355645e-09,"3","COPE"
"MACF11",3.98512209623245e-13,0.265868441506044,0.5,0.361,8.46997850333244e-09,"3","MACF1"
"WIPF11",5.74921450943456e-13,0.281180197308378,0.551,0.419,1.22193805183522e-08,"3","WIPF1"
"CEMIP21",6.64231934172386e-13,0.293234464864401,0.417,0.288,1.41175855288999e-08,"3","CEMIP2"
"PSMB91",8.64776307804021e-13,0.281256630760794,0.627,0.508,1.83799556460667e-08,"3","PSMB9"
"FYN1",1.8569113967128e-12,0.265529125103536,0.562,0.424,3.94667948257339e-08,"3","FYN"
"TMBIM6",2.03694637706113e-12,0.276645217764113,0.697,0.61,4.32932582980572e-08,"3","TMBIM6"
"RSRP1",2.08584372346413e-12,0.271041075350526,0.716,0.635,4.43325224985067e-08,"3","RSRP1"
"ARL6IP5",3.23774743683048e-12,0.292229001806572,0.725,0.649,6.8815084022395e-08,"3","ARL6IP5"
"GUK11",4.63176840513583e-12,0.275599450886393,0.737,0.665,9.84436056827569e-08,"3","GUK1"
"GNAI2",6.4777075936219e-12,0.25814128295398,0.712,0.606,1.3767719719484e-07,"3","GNAI2"
"GNG51",1.80207568299043e-11,0.256852382801178,0.561,0.448,3.83013165662786e-07,"3","GNG5"
"TMEM50A",7.92876134063919e-11,0.250200183261693,0.534,0.425,1.68517893533945e-06,"3","TMEM50A"
"SH3BGRL",1.88962205408169e-10,0.256731673692391,0.583,0.484,4.01620271374522e-06,"3","SH3BGRL"
"CAPZB",2.16465194259564e-10,0.264527198509789,0.616,0.529,4.60075123879278e-06,"3","CAPZB"
"PTP4A21",2.66013181933364e-10,0.262487813241716,0.746,0.689,5.65384416881172e-06,"3","PTP4A2"
"DNAJC8",2.91097291730701e-10,0.279591005129497,0.532,0.429,6.18698183844432e-06,"3","DNAJC8"
"CCND3",8.70065111082697e-10,0.274941315238929,0.591,0.494,1.84923638709516e-05,"3","CCND3"
"TAPBP",9.35018232258876e-10,0.258667097472903,0.583,0.486,1.98728775084302e-05,"3","TAPBP"
"CCL3L11",1.47471504129217e-09,0.302323759136642,0.29,0.187,3.13435934876238e-05,"3","CCL3L1"
"DUSP11",2.27401970929414e-08,0.308301507898961,0.962,0.94,0.000483320149013377,"3","DUSP1"
"GADD45B1",6.51232089980243e-08,0.3025351231171,0.807,0.767,0.00138412868404401,"3","GADD45B"
"LY6E",4.7733605194113e-07,0.282571705499366,0.58,0.515,0.0101453004479568,"3","LY6E"
"BTG21",1.04999561968964e-05,0.259936902922715,0.797,0.763,0.223166069008837,"3","BTG2"
"MT2A1",0.00013394674809851,0.25073704703041,0.473,0.409,1,"3","MT2A"
"PPP1R15A",0.000301962833502554,0.266935981351997,0.822,0.842,1,"3","PPP1R15A"
"PPBP",0,3.00976398487043,0.924,0.073,0,"4","PPBP"
"NRGN",0,2.53371556427431,0.943,0.06,0,"4","NRGN"
"PF4",0,2.35534332011237,0.89,0.044,0,"4","PF4"
"GP1BB",0,2.33437042839558,0.867,0.038,0,"4","GP1BB"
"RGS18",0,1.80014555080265,0.595,0.041,0,"4","RGS18"
"CAVIN2",0,1.74962921714445,0.786,0.034,0,"4","CAVIN2"
"TUBB1",0,1.71129987775753,0.8,0.018,0,"4","TUBB1"
"GNG11",0,1.57865239874942,0.757,0.029,0,"4","GNG11"
"CLU",0,1.33490561661873,0.619,0.034,0,"4","CLU"
"PRKAR2B",0,0.987701101958235,0.51,0.017,0,"4","PRKAR2B"
"GP9",0,0.816761030770852,0.329,0.004,0,"4","GP9"
"ACRBP",0,0.788234105295534,0.362,0.009,0,"4","ACRBP"
"SPARC",0,0.718755630803091,0.405,0.018,0,"4","SPARC"
"MYL9",0,0.678986503042573,0.376,0.009,0,"4","MYL9"
"TREML1",0,0.625778491796793,0.352,0.005,0,"4","TREML1"
"PF4V1",0,0.61053581319368,0.257,0.006,0,"4","PF4V1"
"MPIG6B",0,0.430715193069905,0.286,0.006,0,"4","MPIG6B"
"F13A1",1.46373135253202e-263,0.605232272215141,0.376,0.02,3.11101461667156e-259,"4","F13A1"
"MAP3K7CL",8.85761326970455e-217,0.765584393921657,0.414,0.03,1.882597124343e-212,"4","MAP3K7CL"
"NCOA41",5.45237658314363e-101,1.06888725493225,0.648,0.151,1.15884811898135e-96,"4","NCOA4"
"HIST1H2AC1",2.90104708811619e-97,1.07867396353125,0.629,0.144,6.16588548108216e-93,"4","HIST1H2AC"
"PGRMC1",9.33137220049325e-72,0.641619650578088,0.41,0.081,1.98328984749284e-67,"4","PGRMC1"
"LIMS1",2.52503562180504e-55,0.914934193293476,0.614,0.208,5.36671071058444e-51,"4","LIMS1"
"RUFY1",1.69238282771513e-54,0.427614132670531,0.338,0.067,3.59699046202573e-50,"4","RUFY1"
"MMD",2.40145041430395e-52,0.49978724235966,0.333,0.068,5.10404271056162e-48,"4","MMD"
"TSC22D11",6.01704243772504e-50,0.702902999382728,0.376,0.089,1.27886219971408e-45,"4","TSC22D1"
"MTURN",2.52677912983725e-45,0.428559118795389,0.305,0.065,5.37041636255608e-41,"4","MTURN"
"VCL",1.47859073709419e-44,0.542558614625491,0.41,0.111,3.14259675261999e-40,"4","VCL"
"MARCH2",1.81891758400509e-35,0.483581687848686,0.381,0.114,3.86592743304441e-31,"4","MARCH2"
"OAZ11",1.01910508880088e-34,0.758719029570501,0.976,0.892,2.1660059557374e-30,"4","OAZ1"
"OST4",7.40505667744401e-31,0.613545338258708,0.957,0.884,1.57387074622395e-26,"4","OST4"
"H3F3A2",1.27100121681163e-25,0.591840717713087,1,0.975,2.70138598621145e-21,"4","H3F3A"
"TMSB4X2",1.46415940191285e-25,0.491440333459398,1,1,3.11192439282556e-21,"4","TMSB4X"
"RGS101",3.4593321827965e-25,0.762526779628668,0.786,0.535,7.35246462131568e-21,"4","RGS10"
"TLN12",6.75509036678808e-25,0.727810066474962,0.69,0.417,1.43572690655714e-20,"4","TLN1"
"TAGLN21",5.11081252840705e-24,0.623372151134312,0.871,0.636,1.08625209478763e-19,"4","TAGLN2"
"SH3BGRL32",6.14722958819721e-24,0.624461391402908,0.995,0.966,1.30653217667544e-19,"4","SH3BGRL3"
"FTH11",7.11590500504805e-23,0.436268408236184,1,1,1.51241444977291e-18,"4","FTH1"
"BEX3",3.95700804707881e-22,0.388837048432497,0.319,0.112,8.4102249032613e-18,"4","BEX3"
"YWHAH",6.88847448622304e-22,0.474892294817879,0.367,0.144,1.46407636730184e-17,"4","YWHAH"
"GRAP2",1.94270647775235e-21,0.324749686173877,0.3,0.102,4.12902834781484e-17,"4","GRAP2"
"CCL52",7.16332600706617e-21,0.761419876241632,0.914,0.572,1.52249330954184e-16,"4","CCL5"
"NT5C3A",9.6181210534478e-20,0.544266898097446,0.457,0.222,2.0442354486998e-15,"4","NT5C3A"
"SNAP23",9.80925546284483e-20,0.314436255684414,0.357,0.14,2.08485915607304e-15,"4","SNAP23"
"CALM3",2.06802370971674e-19,0.54030039205894,0.657,0.407,4.39537759263197e-15,"4","CALM3"
"MTPN",4.99609358966902e-19,0.509920053343748,0.719,0.46,1.06186973154825e-14,"4","MTPN"
"ACTB2",8.74383759557607e-19,0.546837120649429,1,0.993,1.85841524256374e-14,"4","ACTB"
"ARPC1B",8.2116675483492e-17,0.52850535099764,0.862,0.686,1.74530782072614e-12,"4","ARPC1B"
"FERMT3",6.33812189823428e-16,0.448075452871627,0.433,0.219,1.34710442825071e-11,"4","FERMT3"
"MYL62",1.12992428283867e-15,0.500623012713261,0.981,0.921,2.40154107074531e-11,"4","MYL6"
"TGFB12",2.17531871826926e-15,0.47925482001891,0.719,0.486,4.62342240380948e-11,"4","TGFB1"
"CTSA",4.82561874386805e-15,0.388479918727026,0.319,0.14,1.02563700782172e-10,"4","CTSA"
"TIMP11",2.95656972518363e-14,0.388955835745502,0.524,0.293,6.28389329390528e-10,"4","TIMP1"
"KIF2A",3.87429580432402e-14,0.451294139452191,0.614,0.392,8.23442830251027e-10,"4","KIF2A"
"SERF22",5.42000470951694e-14,0.378180686833113,0.995,0.988,1.15196780096073e-09,"4","SERF2"
"ACTN1",7.09881266485205e-14,0.268072759725305,0.267,0.108,1.50878164378766e-09,"4","ACTN1"
"LAMTOR1",5.00824474325295e-13,0.360610702193364,0.562,0.353,1.06445233773098e-08,"4","LAMTOR1"
"PTPN181",5.16494871389751e-13,0.286205573883346,0.329,0.151,1.09775819965178e-08,"4","PTPN18"
"DYNLL1",1.89856525873358e-12,0.346102328708852,0.6,0.379,4.03521060091235e-08,"4","DYNLL1"
"NDUFAF3",4.40292306591138e-12,0.272577838922486,0.381,0.195,9.35797268428804e-08,"4","NDUFAF3"
"GNAS",4.44261110649029e-12,0.374984083536225,0.957,0.914,9.44232564573447e-08,"4","GNAS"
"GNLY2",2.13200969256927e-11,1.03884488149482,0.638,0.441,4.53137340058672e-07,"4","GNLY"
"RAP1B2",5.72013539503665e-11,0.487192129928997,0.79,0.675,1.21575757686109e-06,"4","RAP1B"
"SNX3",5.88906162653739e-11,0.317249535590682,0.552,0.348,1.25166115810426e-06,"4","SNX3"
"RSU1",6.57706588783518e-11,0.297954110423673,0.281,0.134,1.39788958380049e-06,"4","RSU1"
"ITM2B",6.70917073595395e-11,0.349313817104317,0.976,0.963,1.42596714821965e-06,"4","ITM2B"
"ATP6V0E1",2.60611378907995e-10,0.302988451101467,0.695,0.481,5.53903424731052e-06,"4","ATP6V0E1"
"ARPC51",2.75370145203739e-10,0.385390360133116,0.676,0.506,5.85271706616026e-06,"4","ARPC5"
"PKM",3.39945624848009e-10,0.377901347802365,0.529,0.354,7.22520431051958e-06,"4","PKM"
"MAX",2.15363146033289e-09,0.390626967382426,0.481,0.321,4.57732830579153e-05,"4","MAX"
"IFITM12",2.53650201696555e-09,0.335632563490241,0.81,0.677,5.39108138685858e-05,"4","IFITM1"
"TPM41",3.255422687934e-09,0.383040914168326,0.448,0.281,6.91907538093492e-05,"4","TPM4"
"TRAPPC1",9.47640654735215e-09,0.317189017666748,0.552,0.375,0.000201411544757423,"4","TRAPPC1"
"RBX1",1.82572391368216e-08,0.26988880901058,0.548,0.377,0.000388039360614006,"4","RBX1"
"NORAD",1.95778528102113e-08,0.284136022894944,0.467,0.3,0.000416107683628232,"4","NORAD"
"MYL12A2",2.53360302718265e-08,0.361059605031621,0.957,0.943,0.000538491987397401,"4","MYL12A"
"IFI27L2",2.53799295588472e-08,0.254515753903154,0.448,0.276,0.000539425022843738,"4","IFI27L2"
"C12orf752",3.03782117608244e-08,0.381416550035257,0.533,0.37,0.000645658512764561,"4","C12orf75"
"ITGB11",3.11646080130666e-08,0.361897547695372,0.619,0.43,0.000662372578709717,"4","ITGB1"
"FLNA2",6.72933890713507e-08,0.337373484357704,0.614,0.439,0.00143025369132249,"4","FLNA"
"CFL12",9.86899844427634e-08,0.269049114002946,0.971,0.959,0.00209755692934649,"4","CFL1"
"PFN12",1.09738509258286e-07,0.278747991748769,0.995,0.966,0.00233238227577562,"4","PFN1"
"HLA-E2",1.35041139507771e-07,0.26017186810459,0.995,0.984,0.00287016437909817,"4","HLA-E"
"IL321",1.71775693968753e-07,0.306608796847375,0.933,0.904,0.00365092059961187,"4","IL32"
"NAP1L11",3.01798223944673e-07,0.324103140881899,0.833,0.78,0.00641441945172008,"4","NAP1L1"
"IFITM22",4.01852753864634e-07,0.387292333417821,0.9,0.841,0.00854097843063894,"4","IFITM2"
"CDKN2D",4.81310365604851e-07,0.335919874985775,0.571,0.434,0.0102297705105655,"4","CDKN2D"
"FKBP1A",7.04288342714959e-07,0.275525281373729,0.457,0.314,0.0149689444360637,"4","FKBP1A"
"TMEM50A1",7.21002406678458e-07,0.304802633140636,0.562,0.426,0.0153241851515439,"4","TMEM50A"
"RIPOR2",1.02970756943088e-06,0.300527279595193,0.7,0.568,0.0218854046806839,"4","RIPOR2"
"EMP32",1.56168556153367e-06,0.280747031828835,0.838,0.79,0.0331920649248367,"4","EMP3"
"UQCRH1",1.64189527079241e-06,0.258124720317284,0.805,0.736,0.0348968420854219,"4","UQCRH"
"CCDC85B",2.13219042336778e-06,0.269387877575824,0.643,0.486,0.0453175752582588,"4","CCDC85B"
"SH3BGRL1",2.25114537654374e-06,0.314981549157004,0.605,0.485,0.0478458438330606,"4","SH3BGRL"
"MSN2",3.13725976210296e-06,0.296850471368645,0.614,0.474,0.0666793189837364,"4","MSN"
"UBB2",3.91094496851931e-06,0.273835534067221,0.952,0.937,0.0831232243609094,"4","UBB"
"HLA-B2",4.36418447926318e-06,0.260436489791926,1,0.996,0.0927563769222597,"4","HLA-B"
"ID22",5.35171109845807e-06,0.327506724949696,0.781,0.671,0.113745267686628,"4","ID2"
"ODC1",6.10106543743484e-06,0.301312275526955,0.467,0.338,0.12967204480724,"4","ODC1"
"TUBA4A1",1.3101809178121e-05,0.315532483326771,0.595,0.443,0.278465852271784,"4","TUBA4A"
"CST72",2.35992024207416e-05,0.405167030941922,0.571,0.459,0.501577448250442,"4","CST7"
"TRDC2",4.09007109154007e-05,0.406439775833837,0.276,0.172,0.869303709795926,"4","TRDC"
"GZMH2",8.97463234318327e-05,0.338275079176827,0.443,0.323,1,"4","GZMH"
"FGFBP22",0.000135795363018929,0.537983416943147,0.376,0.269,1,"4","FGFBP2"
"CLIC13",0.000138479773648775,0.270427732696607,0.705,0.623,1,"4","CLIC1"
"HOPX2",0.000149567080640165,0.330237798503337,0.414,0.301,1,"4","HOPX"
"CEBPB1",0.00015591668312666,0.254287586983697,0.471,0.365,1,"4","CEBPB"
"CLIC32",0.000171843111449463,0.264059210378625,0.271,0.174,1,"4","CLIC3"
"NKG72",0.000257800213477309,0.513052997611659,0.629,0.547,1,"4","NKG7"
"PLEK3",0.000275099883092312,0.267954063354273,0.405,0.299,1,"4","PLEK"
"GZMB2",0.000283478283598578,0.476560677126826,0.39,0.292,1,"4","GZMB"
"SPON22",0.000303013167030292,0.294361223577975,0.295,0.201,1,"4","SPON2"
"SEPTIN72",0.00038941757812017,0.25536850809171,0.838,0.802,1,"4","SEPTIN7"
"CD633",0.000860548415695655,0.25090158801479,0.524,0.436,1,"4","CD63"
"PRF12",0.0010305591102769,0.314118644850142,0.357,0.264,1,"4","PRF1"
"GZMA2",0.00127934130779877,0.283579763663736,0.538,0.449,1,"4","GZMA"
"JUNB1",0.00143357121706569,0.332124424938045,0.981,0.968,1,"4","JUNB"
"FCGR3A2",0.00161771947629909,0.277434960368576,0.267,0.186,1,"4","FCGR3A"
"KLRD12",0.0033551251051955,0.282305919744117,0.352,0.269,1,"4","KLRD1"
"CD2472",0.00465761436568359,0.261155552420336,0.657,0.578,1,"4","CD247"
"TYROBP3",0.00571717788833427,0.314505387246208,0.405,0.328,1,"4","TYROBP"
